time_s,lat,lon,speed_mps,patrol_mode,confidence_radius_m
0.0,13.039266704834741,80.246438814002,6.5,VEHICLE,2.8285331887747054
1.0,13.039283339897812,80.24638146854939,5.79507777466774,VEHICLE,3.1958142570601735
2.0,13.039297344724012,80.2463403487005,3.508922286772728,VEHICLE,4.150222312583972
3.0,13.039310630500639,80.24630229042671,4.902577614688873,VEHICLE,5.462230205680162
4.0,13.03932486105497,80.24626234772447,4.056896068906784,VEHICLE,6.9893053777816325
5.0,13.0393382816408,80.24622676171376,5.133357860374451,VEHICLE,8.663576147364623
6.0,13.039354208489174,80.24617647706692,5.183474845218659,VEHICLE,10.452611822861718
7.0,13.039365995952215,80.24613477940709,5.010979365539551,VEHICLE,12.337527132339876
8.0,13.039381718263321,80.24608469300114,5.789741298246384,VEHICLE,14.311407489626284
9.0,13.039395782856,80.24603801078734,5.13258543996811,VEHICLE,16.364929115171915
10.0,13.039408402464852,80.24599342378038,4.97121100730896,VEHICLE,18.492438584425106
11.0,13.039422811974617,80.24594611662093,5.722443154001236,VEHICLE,20.692305766336375
12.0,13.0394393664321,80.24589323671374,6.042146153354645,VEHICLE,22.96043238279601
13.0,13.039457239981543,80.2458382110789,6.865575215816498,VEHICLE,25.294178425113444
14.0,13.039478952683435,80.24577530378373,7.373115951633453,VEHICLE,27.6905661614869
15.0,13.039500081326635,80.24571426532138,7.099705326843262,VEHICLE,30.148697900944335
16.0,13.039522418073535,80.2456489550519,7.431878172826767,VEHICLE,32.667041931424016
17.0,13.039542960733872,80.24558832299624,7.3372178261756895,VEHICLE,35.24399740837647
18.0,13.039564117322021,80.24552422921207,8.069546451473236,VEHICLE,37.87817817383947
19.0,13.039589271663843,80.24544932439996,8.402737898635865,VEHICLE,40.56807983839996
20.0,13.039613113757136,80.24537531398099,7.92412182264328,VEHICLE,43.31273589675486
21.0,13.039634569241422,80.24530508550731,8.445135196495057,VEHICLE,46.11051173278258
22.0,13.039654339751099,80.24522945072704,8.152721222877503,VEHICLE,48.9564830442825
23.0,13.039673430342866,80.24515508654605,8.591079289340973,VEHICLE,51.85382786713892
24.0,13.039691515735068,80.24508529469058,6.305181952476501,VEHICLE,54.80273115932649
25.0,13.039705221191106,80.24503445795973,5.474570735359192,VEHICLE,57.803076594332275
26.0,13.03971896419475,80.24498021020612,6.434758411741257,VEHICLE,60.850656603702866
27.0,13.039732920056709,80.24492519876104,6.001920666790009,VEHICLE,63.946935825621914
28.0,13.039748336247161,80.24486850026769,6.83885037317276,VEHICLE,67.09309562095702
29.0,13.039764485892938,80.24481225210278,6.27282566819191,VEHICLE,70.28730617051895
30.0,13.0397835805155,80.24475676268432,6.636959102392197,VEHICLE,73.52515780542689
31.0,13.039803739800133,80.24469690644503,6.7724931363582614,VEHICLE,76.8097759016977
32.0,13.039826399242667,80.24462989842027,8.344800044250489,VEHICLE,80.13947050524165
33.0,13.039850911931333,80.24455865555126,8.277998778629303,VEHICLE,83.5130407324535
34.0,13.0398739504958,80.24448859967167,7.943309468269349,VEHICLE,86.93176375005754
35.0,13.039895406977154,80.2444265735582,6.523153570652008,VEHICLE,90.39228032735662
36.0,13.039914943145465,80.24437265958494,6.248297932481766,VEHICLE,93.89340014176604
37.0,13.03993892972932,80.24431626639122,6.689415482139587,VEHICLE,97.42234521494521
38.0,13.039969658317128,80.24426535169596,5.806802755069733,VEHICLE,100.90103680728957
39.0,13.040000003037862,80.2442369213104,3.809790650177002,VEHICLE,104.05963563493505
40.0,13.040035593369106,80.24421875773398,5.255291874694825,VEHICLE,106.73834406502914
41.0,13.040074671221948,80.24421077892163,5.035099660778045,VEHICLE,108.74536573458745
42.0,13.040121067518442,80.24421101658449,4.4218927167892454,VEHICLE,110.21569293186313
43.0,13.04016413923194,80.24421504433752,4.909844690418244,VEHICLE,111.53400551457601
44.0,13.04020784689039,80.244221025633,5.464398726511002,VEHICLE,112.83265609185416
45.0,13.040259981451369,80.24423019456,6.171815212726593,VEHICLE,114.13011939981344
46.0,13.040314658941012,80.24423974820316,6.619273837041855,VEHICLE,115.56754531038632
47.0,13.040373279096528,80.24425021428584,5.914570759820938,VEHICLE,117.13482890837018
48.0,13.040426162504057,80.24426185916592,6.909260784435272,VEHICLE,118.70469936898995
49.0,13.040487244862245,80.24427374454858,7.139823306941986,VEHICLE,120.51167022203593
50.0,13.040553162701771,80.24428738577318,7.026207492494583,VEHICLE,122.44581526868257
51.0,13.040596758417752,80.244296776304,1.4080421096920968,VEHICLE,124.4679838926036
52.0,13.040618394832087,80.2443251717006,0.0,STATIONARY,76.7677724940289
53.0,13.040627931181593,80.24433898316818,0.0,STATIONARY,76.2903662393739
54.0,13.040840182160945,80.24464638565154,0.0,STATIONARY,76.17498532797944
55.0,13.041432697521172,80.24550452394479,0.0,STATIONARY,76.1354918702087
56.0,13.041047013133666,80.2449516935142,1.6293157121777535,VEHICLE,76.15291327670639
57.0,13.041056773465224,80.24496880671053,0.0,STATIONARY,76.20779660477471
58.0,13.041024373768327,80.24491879408599,0.0,STATIONARY,76.19871738958709
59.0,13.040973356821562,80.24483631411974,0.0,VEHICLE,76.27671762221559
60.0,13.040986275463318,80.24485656830464,0.0,STATIONARY,76.27539134999166
61.0,13.040991819582574,80.24486526052002,0.0,STATIONARY,76.27466917507856
62.0,13.040995761959678,80.2448714414821,0.0,STATIONARY,76.27458363166893
63.0,13.040994913640551,80.24487011146516,0.0,STATIONARY,76.27471145319534
64.0,13.040995312451154,80.24487073673086,0.0,STATIONARY,76.27491995311826
65.0,13.040996165657115,80.24487207440951,0.0,STATIONARY,76.27516041560374
66.0,13.040996479153208,80.2448725659169,0.0,STATIONARY,76.27541377943572
67.0,13.041002886524081,80.24488261156078,0.0,STATIONARY,76.27567239072357
68.0,13.041007500697704,80.24489703846235,1.1612108776211738,VEHICLE,76.2934163427162
69.0,13.041003983392798,80.24490794152912,0.7953592032611371,VEHICLE,76.15976456251254
70.0,13.041003733521313,80.24490807874528,0.0,STATIONARY,76.14561275529539
71.0,13.041002577795279,80.24490858151346,1.2753814458847046,WALKING,76.08872464483373
72.0,13.040994030354586,80.24491647536468,1.2786924839019775,WALKING,75.85028142287261
73.0,13.04098483105414,80.24492355275221,1.2845773696899414,WALKING,75.60664575170469
74.0,13.040974770371635,80.24492929150232,1.2937020063400269,WALKING,75.35445996938508
75.0,13.040963152311301,80.24493062718005,1.2993286848068237,WALKING,75.08214655171142
76.0,13.040951584790731,80.24493047390408,1.2836483716964722,WALKING,74.8182646609191
77.0,13.04094011227695,80.24492921530566,1.283431887626648,WALKING,74.56316635275466
78.0,13.040929258239544,80.24492536009332,1.305291771888733,WALKING,74.33472553283362
79.0,13.040921645133508,80.24491619310693,1.305197834968567,WALKING,74.21640204683011
80.0,13.040915624960775,80.24490601917853,1.2834726572036743,WALKING,74.17804936659122
81.0,13.040910194995044,80.24489554846814,1.2924176454544067,WALKING,74.20471195898912
82.0,13.040902067447798,80.2448871989594,1.2832348346710205,WALKING,74.19118231059045
83.0,13.040892910763445,80.24487997457993,1.286991834640503,WALKING,74.1782627184294
84.0,13.040884431542509,80.24487191570684,1.2991288900375366,WALKING,74.24899782422665
85.0,13.04087667702959,80.24486314014203,1.2757277488708496,WALKING,74.42025969139343
86.0,13.040869721452426,80.24485379841246,1.2794862985610962,WALKING,74.70861996671906
87.0,13.040865908085205,80.24484261553427,1.301620602607727,WALKING,75.20478121748212
88.0,13.040864744550772,80.24483082658244,1.2780181169509888,WALKING,75.85616144084679
89.0,13.040864531755323,80.24481905875187,1.2765558958053589,WALKING,76.60171750699473
90.0,13.040865433550561,80.24480732875655,1.2770330905914307,WALKING,77.42334565332257
91.0,13.040871248903839,80.2447971563228,1.31124746799469,WALKING,78.16888895476973
92.0,13.040880148009885,80.24478951037513,1.2784289121627808,WALKING,78.74303227641774
93.0,13.040889527347112,80.24478273037487,1.2750896215438843,WALKING,79.27296886497157
94.0,13.040896928482018,80.24477377554001,1.298369288444519,WALKING,80.00688016722759
95.0,13.040902209052492,80.24476327117546,1.276450276374817,WALKING,80.92901958146938
96.0,13.04090826874285,80.24475327359896,1.276689887046814,WALKING,81.86664072553391
97.0,13.040915099811606,80.24474380389475,1.2791519165039062,WALKING,82.81110054157784
98.0,13.040922742787659,80.24473506041332,1.2893537282943726,WALKING,83.74150789446004
99.0,13.040933109064818,80.24472969125196,1.2975410223007202,WALKING,84.34825618844886
100.0,13.040944065987194,80.24472606428097,1.278415560722351,WALKING,84.8111225628736
101.0,13.04095523062622,80.24472335129441,1.2793396711349487,WALKING,85.21793386262686
102.0,13.040966632167542,80.24472396171296,1.3084166049957275,WALKING,85.28376699512252
103.0,13.040976670375327,80.24473025614579,1.297455072402954,WALKING,84.72550460912427
104.0,13.040985815319987,80.2447374502964,1.276742935180664,WALKING,84.09520149531814
105.0,13.040995382603116,80.24474380942839,1.259790301322937,WALKING,83.61704906796986
106.0,13.041006335028008,80.24474656045942,1.26276433467865,WALKING,83.57404265140491
107.0,13.041017404142199,80.24474944769986,1.2725512981414795,WALKING,83.55959567991368
108.0,13.041028259689453,80.24475323645035,1.2693071365356445,WALKING,83.48761457435054
109.0,13.041038756761292,80.2447579370771,1.276312232017517,WALKING,83.35237943175073
110.0,13.041047773107934,80.24476517581613,1.3125056028366089,WALKING,82.95584752171673
111.0,13.041054434999165,80.24477496103414,1.2822540998458862,WALKING,82.322766208885
112.0,13.041060203269966,80.24478513966253,1.2821811437606812,WALKING,82.08460382706735
113.0,13.041063467621271,80.24479633915266,1.3007322549819946,WALKING,82.71619581780084
114.0,13.041060814048318,80.24480802774032,1.293300986289978,WALKING,83.10400405762857
115.0,13.041056727570348,80.24481906439541,1.2735973596572876,WALKING,83.41270150587629
116.0,13.041053731218435,80.24483033603231,1.2642124891281128,WALKING,83.92249935701075
117.0,13.041054405750192,80.24484194594653,1.2702304124832153,WALKING,84.92666892121386
118.0,13.041054809524368,80.24485372056121,1.2817517518997192,WALKING,86.04304419928434
119.0,13.041054257062166,80.24486542427951,1.2741047143936157,WALKING,87.1924094076035
