"Time (s)","Latitude (°)","Longitude (°)","Height (m)","Velocity (m/s)","Direction (°)","Horizontal Accuracy (m)","Vertical Accuracy (m)"
0.000000000E0,1.298145210E1,8.019760140E1,2.077570707E1,NaN,NaN,1.660799980E1,1.000000000E0
7.026212300E-1,1.297754080E1,8.019744253E1,5.882423907E0,3.759999990E0,1.836999969E2,4.500000000E0,4.000000000E0
1.692551884E0,1.297750572E1,8.019744102E1,4.882483992E0,3.539999962E0,1.833000031E2,4.500000000E0,4.000000000E0
2.703251844E0,1.297747311E1,8.019743767E1,4.882537558E0,3.319999933E0,1.806000061E2,5.000000000E0,4.000000000E0
3.715211651E0,1.297743493E1,8.019744068E1,4.882608410E0,4.380000114E0,1.751999969E2,5.000000000E0,4.000000000E0
4.702933651E0,1.297739336E1,8.019743230E1,3.882671902E0,4.139999866E0,1.751000061E2,5.000000000E0,4.000000000E0
5.710930227E0,1.297735991E1,8.019742752E1,3.882725277E0,4.119999886E0,1.766999969E2,4.000000000E0,3.000000000E0
6.707591149E0,1.297731624E1,8.019743012E1,3.882805319E0,4.069999695E0,1.756999969E2,4.500000000E0,4.000000000E0
7.714826187E0,1.297726935E1,8.019743817E1,3.882897430E0,4.829999924E0,1.768000031E2,4.000000000E0,3.000000000E0
8.695267763E0,1.297722756E1,8.019745259E1,3.882987984E0,4.569999695E0,1.743999939E2,4.000000000E0,3.000000000E0
9.699564493E0,1.297717731E1,8.019745384E1,3.883078058E0,4.500000000E0,1.743000031E2,4.000000000E0,3.000000000E0
1.070142476E1,1.297712359E1,8.019745711E1,3.883176621E0,4.940000057E0,1.751999969E2,3.500000000E0,3.000000000E0
1.171015949E1,1.297706919E1,8.019745636E1,3.883271655E0,5.230000019E0,1.786999969E2,3.000000000E0,3.000000000E0
1.270524534E1,1.297701487E1,8.019745099E1,3.883361143E0,5.109999657E0,1.776999969E2,3.000000000E0,3.000000000E0
1.371126134E1,1.297697024E1,8.019745284E1,3.883442002E0,4.329999924E0,1.768999939E2,3.000000000E0,3.000000000E0
1.470743268E1,1.297693084E1,8.019744697E1,3.883504595E0,4.210000038E0,1.750000000E2,2.500000000E0,3.000000000E0
1.570396345E1,1.297688470E1,8.019744596E1,3.883584777E0,3.529999971E0,1.803000031E2,2.500000000E0,3.000000000E0
1.670411887E1,1.297684765E1,8.019744454E1,4.883648433E0,4.319999695E0,1.800000000E2,2.500000000E0,3.000000000E0
1.770785680E1,1.297680424E1,8.019744253E1,4.883722633E0,4.519999981E0,1.811000061E2,2.500000000E0,3.000000000E0
1.870611083E1,1.297675478E1,8.019744555E1,5.883813364E0,4.639999866E0,1.780000000E2,2.500000000E0,3.000000000E0
1.970446272E1,1.297672109E1,8.019744311E1,5.883869931E0,3.919999838E0,1.795000000E2,2.500000000E0,3.000000000E0
2.068727698E1,1.297668530E1,8.019744362E1,5.883933627E0,3.949999809E0,1.798000031E2,2.500000000E0,3.000000000E0
2.171321768E1,1.297664783E1,8.019744563E1,5.884002046E0,4.159999847E0,1.783999939E2,2.500000000E0,3.000000000E0
2.270146652E1,1.297660206E1,8.019744504E1,5.884082053E0,4.529999733E0,1.790000000E2,2.500000000E0,3.000000000E0
2.370248875E1,1.297655592E1,8.019744270E1,6.884160665E0,4.630000114E0,1.776999969E2,2.500000000E0,3.000000000E0
2.470802052E1,1.297651343E1,8.019744848E1,6.884242368E0,4.259999752E0,1.795000000E2,2.500000000E0,3.000000000E0
2.570522621E1,1.297646720E1,8.019744881E1,6.884324269E0,4.619999886E0,1.806000061E2,3.000000000E0,3.000000000E0
2.670579394E1,1.297642558E1,8.019745125E1,6.884400494E0,5.130000114E0,1.803999939E2,3.000000000E0,3.000000000E0
2.770831706E1,1.297637844E1,8.019745694E1,7.884490303E0,4.949999809E0,1.798000031E2,2.500000000E0,3.000000000E0
2.870460286E1,1.297633736E1,8.019745711E1,7.884562917E0,4.619999886E0,1.798000031E2,2.500000000E0,2.000000000E0
2.969473163E1,1.297629633E1,8.019745837E1,7.884636734E0,4.599999905E0,1.768000031E2,3.000000000E0,3.000000000E0
3.070059394E1,1.297625287E1,8.019746365E1,8.884719549E0,5.170000076E0,1.796999969E2,3.000000000E0,3.000000000E0
3.170761513E1,1.297620200E1,8.019746558E1,9.884811517E0,5.009999752E0,1.790000000E2,3.000000000E0,3.000000000E0
3.269319959E1,1.297615640E1,8.019746239E1,8.884888186E0,5.230000019E0,1.775000000E2,3.000000000E0,3.000000000E0
3.369249863E1,1.297611147E1,8.019746642E1,8.884972115E0,5.269999981E0,1.760000000E2,2.500000000E0,2.000000000E0
3.469606582E1,1.297606051E1,8.019747052E1,8.885066784E0,5.650000095E0,1.808999939E2,3.000000000E0,3.000000000E0
3.569765009E1,1.297601386E1,8.019747371E1,8.885152761E0,5.750000000E0,1.811999969E2,3.000000000E0,3.000000000E0
3.669553882E1,1.297596605E1,8.019747790E1,8.885241986E0,5.420000076E0,1.805000000E2,3.000000000E0,3.000000000E0
3.769727009E1,1.297591852E1,8.019747983E1,9.885328042E0,4.940000057E0,1.766000061E2,2.500000000E0,2.000000000E0
3.870494086E1,1.297587774E1,8.019747287E1,8.885391796E0,4.639999866E0,1.796999969E2,2.500000000E0,2.000000000E0
3.971157147E1,1.297583835E1,8.019747555E1,7.885464400E0,4.269999981E0,1.808999939E2,3.000000000E0,3.000000000E0
4.069621070E1,1.297579690E1,8.019747128E1,7.885532477E0,4.610000134E0,1.841000061E2,3.000000000E0,3.000000000E0
4.170376712E1,1.297575541E1,8.019746751E1,7.885601217E0,4.539999962E0,1.816000061E2,3.000000000E0,3.000000000E0
4.269108259E1,1.297571555E1,8.019746801E1,7.885672081E0,4.349999905E0,1.781000061E2,3.000000000E0,2.000000000E0
4.370487908E1,1.297567524E1,8.019746969E1,7.885745133E0,4.400000095E0,1.805000000E2,3.000000000E0,3.000000000E0
4.469598154E1,1.297563450E1,8.019746851E1,7.885815586E0,4.170000076E0,1.755000000E2,2.500000000E0,2.000000000E0
4.569719828E1,1.297559808E1,8.019746918E1,7.885880588E0,3.549999952E0,1.761999969E2,3.000000000E0,2.000000000E0
4.669666339E1,1.297556581E1,8.019747119E1,7.885939845E0,3.250000000E0,1.716000061E2,3.000000000E0,2.000000000E0
4.770207374E1,1.297553400E1,8.019748393E1,7.886010856E0,3.289999962E0,1.688999939E2,2.500000000E0,2.000000000E0
4.869557116E1,1.297550160E1,8.019748745E1,7.886072101E0,3.349999905E0,1.768999939E2,3.000000000E0,2.000000000E0
4.969934054E1,1.297547420E1,8.019748779E1,7.886120823E0,3.189999819E0,1.781999969E2,2.500000000E0,2.000000000E0
5.069292262E1,1.297544301E1,8.019748712E1,7.886175016E0,3.279999971E0,1.831999969E2,2.500000000E0,2.000000000E0
5.169436008E1,1.297541074E1,8.019748284E1,7.886226909E0,4.259999752E0,1.873999939E2,3.000000000E0,3.000000000E0
5.269780169E1,1.297536934E1,8.019748695E1,8.886304731E0,4.449999809E0,1.820000000E2,3.000000000E0,3.000000000E0
5.369927777E1,1.297533200E1,8.019749274E1,8.886377347E0,3.789999962E0,1.796999969E2,2.500000000E0,2.000000000E0
5.470084200E1,1.297529424E1,8.019749391E1,8.886445303E0,4.079999924E0,1.786000061E2,3.000000000E0,3.000000000E0
5.569937054E1,1.297524906E1,8.019749416E1,8.886525258E0,4.309999943E0,1.798000031E2,2.500000000E0,2.000000000E0
5.669752281E1,1.297519973E1,8.019749626E1,8.886614690E0,5.329999924E0,1.818000031E2,2.500000000E0,2.000000000E0
5.769684542E1,1.297514944E1,8.019749357E1,9.886700224E0,5.139999866E0,1.801000061E2,2.500000000E0,3.000000000E0
5.869541811E1,1.297510099E1,8.019749433E1,9.886786533E0,5.170000076E0,1.805000000E2,3.000000000E0,3.000000000E0
5.969334442E1,1.297505254E1,8.019749776E1,9.886875983E0,5.349999905E0,1.788999939E2,3.000000000E0,3.000000000E0
6.069688023E1,1.297500401E1,8.019749383E1,9.886956941E0,5.089999676E0,1.803000031E2,3.000000000E0,3.000000000E0
6.169612576E1,1.297496164E1,8.019749776E1,9.887036266E0,4.699999809E0,1.800000000E2,3.000000000E0,3.000000000E0
6.269977788E1,1.297492195E1,8.019749408E1,8.887101925E0,4.099999905E0,1.826999969E2,3.000000000E0,3.000000000E0
6.369556338E1,1.297488671E1,8.019749240E1,8.887162109E0,4.319999695E0,1.821999969E2,3.000000000E0,3.000000000E0
6.470696015E1,1.297484287E1,8.019749416E1,9.887241467E0,4.630000114E0,1.813999939E2,3.000000000E0,2.000000000E0
6.569602895E1,1.297480054E1,8.019749181E1,8.887313353E0,4.519999981E0,1.803999939E2,3.000000000E0,2.000000000E0
6.669338634E1,1.297476345E1,8.019749458E1,8.887381993E0,4.159999847E0,1.815000000E2,3.000000000E0,2.000000000E0
6.769979988E1,1.297472330E1,8.019749676E1,8.887455339E0,4.389999866E0,1.805000000E2,3.000000000E0,3.000000000E0
6.869199064E1,1.297468617E1,8.019749550E1,8.887519339E0,4.239999771E0,1.808000031E2,2.500000000E0,2.000000000E0
6.969500514E1,1.297464263E1,8.019749776E1,8.887598769E0,4.039999962E0,1.793000031E2,2.500000000E0,2.000000000E0
7.070738418E1,1.297460558E1,8.019749441E1,8.887660166E0,4.670000076E0,1.761000061E2,2.500000000E0,2.000000000E0
7.169695156E1,1.297456220E1,8.019748519E1,8.887725846E0,4.569999695E0,1.785000000E2,2.500000000E0,2.000000000E0
7.268965260E1,1.297451426E1,8.019748083E1,8.887805278E0,4.699999809E0,1.800000000E2,3.000000000E0,3.000000000E0
7.370129502E1,1.297446690E1,8.019748184E1,8.887889959E0,4.839999676E0,1.780000000E2,3.000000000E0,3.000000000E0
7.470167029E1,1.297442067E1,8.019747664E1,7.887965379E0,5.000000000E0,1.778000031E2,3.000000000E0,3.000000000E0
7.568733137E1,1.297437415E1,8.019748134E1,7.888052904E0,5.079999924E0,1.793999939E2,3.000000000E0,3.000000000E0
7.669776525E1,1.297432852E1,8.019748595E1,7.888138779E0,5.279999733E0,1.776999969E2,3.000000000E0,2.000000000E0
7.767916191E1,1.297427814E1,8.019749265E1,7.888235460E0,5.380000114E0,1.765000000E2,3.000000000E0,3.000000000E0
7.869856621E1,1.297423040E1,8.019749835E1,7.888326307E0,5.089999676E0,1.753000031E2,2.500000000E0,2.000000000E0
7.969411967E1,1.297418330E1,8.019749793E1,7.888408876E0,5.269999981E0,1.790000000E2,3.000000000E0,3.000000000E0
8.069998140E1,1.297414068E1,8.019749785E1,7.888483931E0,5.190000057E0,1.798999939E2,3.000000000E0,3.000000000E0
8.170886302E1,1.297409508E1,8.019750439E1,7.888571991E0,5.170000076E0,1.800000000E2,3.000000000E0,3.000000000E0
8.269219267E1,1.297405166E1,8.019750472E1,7.888648942E0,4.769999981E0,1.823999939E2,3.500000000E0,3.000000000E0
8.369509948E1,1.297401059E1,8.019749642E1,7.888711637E0,4.069999695E0,1.956000061E2,3.500000000E0,3.000000000E0
8.469529036E1,1.297397995E1,8.019746516E1,7.888729020E0,4.190000057E0,2.373000031E2,3.500000000E0,3.000000000E0
8.570356040E1,1.297397333E1,8.019742459E1,7.888693157E0,4.989999771E0,2.662000122E2,3.500000000E0,3.000000000E0
8.670138313E1,1.297398167E1,8.019737329E1,7.888618341E0,4.809999943E0,2.683999939E2,3.000000000E0,3.000000000E0
8.770394448E1,1.297398783E1,8.019732501E1,8.888550904E0,4.730000019E0,2.692999878E2,3.000000000E0,3.000000000E0
8.870141755E1,1.297399068E1,8.019727715E1,8.888489796E0,4.809999943E0,2.705000000E2,3.000000000E0,3.000000000E0
8.969420055E1,1.297398997E1,8.019723239E1,8.888438603E0,5.059999943E0,2.692000122E2,3.000000000E0,3.000000000E0
9.070844009E1,1.297399228E1,8.019718445E1,8.888378358E0,5.409999847E0,2.707999878E2,3.500000000E0,3.000000000E0
9.169357978E1,1.297399299E1,8.019713533E1,8.888319545E0,4.409999847E0,2.667999878E2,3.500000000E0,3.000000000E0
9.270541597E1,1.297398570E1,8.019709066E1,9.888280051E0,4.309999943E0,2.622999878E2,3.000000000E0,3.000000000E0
9.369403159E1,1.297397949E1,8.019705319E1,9.888247083E0,4.360000134E0,2.503999939E2,3.500000000E0,3.000000000E0
9.470337170E1,1.297395275E1,8.019703575E1,9.888273796E0,4.099999905E0,2.218999939E2,3.500000000E0,3.000000000E0
9.570313393E1,1.297391449E1,8.019701404E1,8.888315819E0,4.079999924E0,2.146000061E2,3.500000000E0,3.000000000E0
9.670726766E1,1.297387464E1,8.019700994E1,8.888381276E0,4.739999771E0,1.928999939E2,3.000000000E0,3.000000000E0
9.769689970E1,1.297383088E1,8.019701178E1,7.888460579E0,4.960000038E0,1.866000061E2,2.500000000E0,3.000000000E0
9.870051370E1,1.297378378E1,8.019700793E1,7.888539114E0,4.980000019E0,1.878000031E2,2.500000000E0,2.000000000E0
9.970319308E1,1.297373508E1,8.019700214E1,7.888618198E0,4.859999657E0,1.903999939E2,2.500000000E0,3.000000000E0
1.006986830E2,1.297369007E1,8.019699401E1,7.888688028E0,4.819999695E0,1.903000031E2,3.000000000E0,3.000000000E0
1.016999536E2,1.297364493E1,8.019699133E1,7.888764465E0,5.219999790E0,1.893999939E2,3.000000000E0,3.000000000E0
1.027024975E2,1.297359531E1,8.019698395E1,7.888843307E0,5.599999905E0,1.888999939E2,3.000000000E0,3.000000000E0
1.036989354E2,1.297355013E1,8.019697809E1,7.888916085E0,4.869999886E0,1.901999969E2,3.000000000E0,3.000000000E0
1.046957744E2,1.297350172E1,8.019696945E1,8.888991311E0,5.049999714E0,1.931999969E2,3.000000000E0,3.000000000E0
1.056981351E2,1.297345466E1,8.019695604E1,8.889058572E0,5.009999752E0,1.946000061E2,3.000000000E0,3.000000000E0
1.066984072E2,1.297340927E1,8.019694372E1,8.889124155E0,5.000000000E0,1.958999939E2,3.000000000E0,3.000000000E0
1.076901663E2,1.297336401E1,8.019693634E1,8.889195311E0,5.000000000E0,1.920000000E2,3.000000000E0,3.000000000E0
1.086921163E2,1.297332248E1,8.019692972E1,8.889260776E0,4.960000038E0,1.921000061E2,3.000000000E0,3.000000000E0
1.096878539E2,1.297328262E1,8.019692142E1,9.889321319E0,4.549999714E0,1.941999969E2,3.000000000E0,3.000000000E0
1.106893847E2,1.297323929E1,8.019691070E1,9.889385147E0,4.739999771E0,1.926999969E2,3.000000000E0,3.000000000E0
1.117038252E2,1.297319738E1,8.019690592E1,9.889453437E0,4.389999866E0,1.916000061E2,2.500000000E0,2.000000000E0
1.126879546E2,1.297316314E1,8.019689091E1,1.088949622E1,3.449999809E0,1.873999939E2,2.500000000E0,2.000000000E0
1.136931194E2,1.297313347E1,8.019688387E1,1.088954028E1,3.409999847E0,1.983000031E2,3.000000000E0,3.000000000E0
1.146953231E2,1.297310526E1,8.019686753E1,1.088957085E1,3.329999924E0,2.051000061E2,3.000000000E0,3.000000000E0
1.156894310E2,1.297308267E1,8.019684599E1,1.088958543E1,3.509999990E0,2.281000061E2,3.500000000E0,3.000000000E0
1.166937078E2,1.297306809E1,8.019681246E1,1.088957185E1,3.839999914E0,2.546999969E2,3.000000000E0,3.000000000E0
1.176945829E2,1.297306339E1,8.019677080E1,1.088953129E1,4.579999924E0,2.726000061E2,3.500000000E0,3.000000000E0
1.186982130E2,1.297306515E1,8.019673107E1,1.188948162E1,3.529999971E0,2.791000061E2,3.000000000E0,3.000000000E0
1.196907242E2,1.297306549E1,8.019669729E1,1.188944144E1,3.159999847E0,2.737000122E2,3.000000000E0,3.000000000E0
1.206962178E2,1.297306067E1,8.019667181E1,1.188942007E1,3.000000000E0,2.663999939E2,3.500000000E0,3.000000000E0
1.217055789E2,1.297304470E1,8.019664776E1,1.188942003E1,3.579999924E0,2.451000061E2,3.500000000E0,3.000000000E0
1.226876537E2,1.297301318E1,8.019662286E1,1.188944641E1,4.589999676E0,2.146000061E2,4.000000000E0,3.000000000E0
1.236910119E2,1.297296419E1,8.019660995E1,1.288951765E1,4.319999695E0,1.968999939E2,4.000000000E0,3.000000000E0
1.247014227E2,1.297291549E1,8.019660132E1,1.188959339E1,4.409999847E0,1.936000061E2,4.000000000E0,3.000000000E0
1.256942155E2,1.297287300E1,8.019659093E1,1.188965613E1,4.400000095E0,1.898000031E2,4.000000000E0,3.000000000E0
1.267003208E2,1.297283767E1,8.019658581E1,1.188971242E1,4.170000076E0,1.911999969E2,3.500000000E0,3.000000000E0
1.276940223E2,1.297280075E1,8.019657986E1,1.188977054E1,4.219999790E0,1.931999969E2,3.500000000E0,3.000000000E0
1.287024085E2,1.297276089E1,8.019657190E1,1.188983147E1,4.529999733E0,1.906000061E2,3.500000000E0,3.000000000E0
1.297022240E2,1.297272296E1,8.019656301E1,1.188988792E1,4.789999962E0,1.886000061E2,3.500000000E0,3.000000000E0
1.306956782E2,1.297268026E1,8.019655673E1,1.188995584E1,4.630000114E0,1.913000031E2,3.500000000E0,3.000000000E0
1.316980900E2,1.297263726E1,8.019654642E1,1.189001956E1,4.400000095E0,1.926000061E2,3.500000000E0,3.000000000E0
1.327105931E2,1.297260532E1,8.019653603E1,1.189006368E1,4.369999886E0,1.896000061E2,3.000000000E0,3.000000000E0
1.337027401E2,1.297256773E1,8.019652136E1,1.189011276E1,4.759999752E0,1.890000000E2,3.500000000E0,3.000000000E0
1.346904130E2,1.297251828E1,8.019650845E1,1.089018481E1,4.809999943E0,1.903000031E2,3.000000000E0,3.000000000E0
1.356935011E2,1.297247871E1,8.019648674E1,1.089022911E1,5.089999676E0,1.928000031E2,3.500000000E0,3.000000000E0
1.366925836E2,1.297242972E1,8.019647333E1,1.189029976E1,4.889999866E0,1.910000000E2,3.500000000E0,3.000000000E0
1.376863174E2,1.297238429E1,8.019646646E1,1.189037179E1,4.659999847E0,1.893999939E2,3.000000000E0,3.000000000E0
1.387019960E2,1.297235420E1,8.019645296E1,1.189040902E1,3.379999876E0,1.916000061E2,3.000000000E0,3.000000000E0
1.396935788E2,1.297232042E1,8.019645028E1,1.189046543E1,3.240000010E0,1.888000031E2,3.500000000E0,3.000000000E0
1.406865791E2,1.297228807E1,8.019644978E1,1.289052187E1,3.500000000E0,1.853999939E2,3.000000000E0,3.000000000E0
1.416926442E2,1.297225550E1,8.019644332E1,1.289057172E1,3.519999981E0,1.848000031E2,3.500000000E0,3.000000000E0
1.426948785E2,1.297222399E1,8.019644483E1,1.289062904E1,3.669999838E0,1.861000061E2,3.500000000E0,3.000000000E0
1.436923472E2,1.297218778E1,8.019643645E1,1.189068305E1,4.130000114E0,1.928999939E2,3.500000000E0,3.000000000E0
1.447046096E2,1.297213640E1,8.019643201E1,1.289076843E1,5.670000076E0,1.906000061E2,3.000000000E0,3.000000000E0
1.457081739E2,1.297208103E1,8.019642320E1,1.289085571E1,5.629999638E0,1.886000061E2,3.500000000E0,3.000000000E0
1.466986647E2,1.297203615E1,8.019641801E1,1.289092875E1,5.409999847E0,1.881000061E2,3.000000000E0,3.000000000E0
1.476958805E2,1.297199596E1,8.019640225E1,1.289098112E1,4.670000076E0,1.901000061E2,3.000000000E0,3.000000000E0
1.486974744E2,1.297195660E1,8.019639814E1,1.389104569E1,4.710000038E0,1.911000061E2,3.000000000E0,3.000000000E0
1.496909653E2,1.297191574E1,8.019638792E1,1.389110573E1,4.719999790E0,1.901999969E2,2.500000000E0,3.000000000E0
1.506967789E2,1.297187341E1,8.019638406E1,1.289117583E1,4.750000000E0,1.888999939E2,2.500000000E0,2.000000000E0
1.516937210E2,1.297182451E1,8.019638247E1,1.289126019E1,5.589999676E0,1.896999969E2,3.000000000E0,3.000000000E0
1.526920177E2,1.297177124E1,8.019638088E1,1.289135223E1,5.400000095E0,1.871000061E2,3.000000000E0,3.000000000E0
1.536988065E2,1.297171751E1,8.019637333E1,1.389143810E1,5.199999809E0,1.890000000E2,3.000000000E0,3.000000000E0
1.546948277E2,1.297167053E1,8.019636897E1,1.389151581E1,5.139999866E0,1.901999969E2,3.000000000E0,3.000000000E0
1.556975052E2,1.297162435E1,8.019635959E1,1.389158622E1,4.949999809E0,1.908000031E2,3.000000000E0,3.000000000E0
1.566921725E2,1.297157921E1,8.019635489E1,1.389166029E1,5.259999752E0,1.803999939E2,3.000000000E0,3.000000000E0
1.576985103E2,1.297153642E1,8.019635523E1,1.389173612E1,5.279999733E0,1.801999969E2,3.000000000E0,3.000000000E0
1.586933490E2,1.297148961E1,8.019635414E1,1.389181737E1,4.989999771E0,1.873000031E2,2.500000000E0,2.000000000E0
1.597013129E2,1.297144493E1,8.019634374E1,1.289188394E1,5.119999886E0,1.901000061E2,3.000000000E0,3.000000000E0
1.607008912E2,1.297139577E1,8.019633821E1,1.389196412E1,5.839999676E0,1.888999939E2,2.500000000E0,2.000000000E0
1.616929576E2,1.297134271E1,8.019633394E1,1.389205264E1,5.619999886E0,1.880000000E2,3.000000000E0,3.000000000E0
1.627033325E2,1.297128928E1,8.019632740E1,1.389213917E1,5.670000076E0,1.853999939E2,3.000000000E0,3.000000000E0
1.636891188E2,1.297123538E1,8.019632120E1,1.389222691E1,5.969999790E0,1.853000031E2,3.000000000E0,2.000000000E0
1.646951418E2,1.297118735E1,8.019631181E1,1.389230057E1,5.159999847E0,1.876999969E2,3.000000000E0,2.000000000E0
1.656924524E2,1.297113945E1,8.019630401E1,1.389237588E1,5.319999695E0,1.900000000E2,3.500000000E0,3.000000000E0
1.666927392E2,1.297108262E1,8.019630100E1,1.389247252E1,5.900000095E0,1.865000000E2,3.500000000E0,3.000000000E0
1.676950252E2,1.297103422E1,8.019629421E1,1.289254989E1,5.969999790E0,1.863999939E2,3.500000000E0,3.000000000E0
1.686933965E2,1.297097563E1,8.019629505E1,1.289265416E1,5.730000019E0,1.861999969E2,3.000000000E0,3.000000000E0
1.696874525E2,1.297092823E1,8.019628557E1,1.289272662E1,5.969999790E0,1.855000000E2,3.000000000E0,3.000000000E0
1.706961214E2,1.297087077E1,8.019628021E1,1.189282162E1,6.579999924E0,1.855000000E2,3.000000000E0,2.000000000E0
1.717020014E2,1.297080929E1,8.019628256E1,1.289293275E1,6.920000076E0,1.846999969E2,3.000000000E0,2.000000000E0
1.726977091E2,1.297074290E1,8.019628088E1,1.389304782E1,7.349999905E0,1.845000000E2,3.000000000E0,2.000000000E0
1.737006678E2,1.297066864E1,8.019627007E1,1.389316605E1,7.769999981E0,1.865000000E2,2.500000000E0,2.000000000E0
1.746983572E2,1.297059760E1,8.019626101E1,1.289328067E1,7.469999790E0,1.868000031E2,3.000000000E0,3.000000000E0
1.756909347E2,1.297053642E1,8.019624978E1,1.289337536E1,6.789999962E0,1.860000000E2,3.000000000E0,3.000000000E0
1.767029378E2,1.297048273E1,8.019623964E1,1.289345811E1,6.199999809E0,1.831000061E2,3.000000000E0,3.000000000E0
1.776982775E2,1.297043198E1,8.019623713E1,1.289354463E1,4.880000114E0,1.828999939E2,2.500000000E0,2.000000000E0
1.786942557E2,1.297038584E1,8.019624107E1,1.289363059E1,4.880000114E0,1.840000000E2,2.500000000E0,2.000000000E0
1.797063037E2,1.297034489E1,8.019624274E1,1.289370474E1,4.960000038E0,1.836999969E2,2.500000000E0,2.000000000E0
1.807019585E2,1.297030038E1,8.019624299E1,1.289378350E1,4.880000114E0,1.840000000E2,2.500000000E0,2.000000000E0
1.816939249E2,1.297025290E1,8.019624014E1,1.289386386E1,4.759999752E0,1.831000061E2,3.000000000E0,3.000000000E0
1.826983037E2,1.297020931E1,8.019623302E1,1.289393234E1,4.750000000E0,1.840000000E2,3.000000000E0,2.000000000E0
1.837020599E2,1.297016778E1,8.019623126E1,1.289400349E1,4.519999981E0,1.828999939E2,2.500000000E0,2.000000000E0
1.847072828E2,1.297012696E1,8.019622564E1,1.289406886E1,4.589999676E0,1.823999939E2,2.500000000E0,2.000000000E0
1.856921784E2,1.297008052E1,8.019622782E1,1.289415328E1,5.119999886E0,1.848000031E2,3.000000000E0,2.000000000E0
1.866945802E2,1.297003723E1,8.019622690E1,1.389422852E1,4.989999771E0,1.826000061E2,3.000000000E0,2.000000000E0
1.876990261E2,1.296999511E1,8.019622330E1,1.389429854E1,4.650000095E0,1.815000000E2,3.000000000E0,2.000000000E0
1.886948271E2,1.296995354E1,8.019622732E1,1.389437655E1,4.049999714E0,1.768000031E2,3.000000000E0,2.000000000E0
1.896958866E2,1.296992542E1,8.019623813E1,1.389443881E1,3.029999971E0,1.745000000E2,3.000000000E0,2.000000000E0
1.906919477E2,1.296990115E1,8.019623771E1,1.389448109E1,2.440000057E0,1.718999939E2,3.000000000E0,2.000000000E0
1.916939186E2,1.296987517E1,8.019624073E1,1.389453044E1,2.679999828E0,1.746000061E2,3.000000000E0,2.000000000E0
1.926973560E2,1.296985032E1,8.019623880E1,1.389457199E1,2.839999914E0,1.778999939E2,3.500000000E0,2.000000000E0
1.936928253E2,1.296982379E1,8.019623981E1,1.389461994E1,2.649999857E0,1.823000031E2,3.500000000E0,2.000000000E0
1.946976922E2,1.296979784E1,8.019623637E1,1.489466164E1,2.899999857E0,1.810000000E2,3.000000000E0,2.000000000E0
1.957192147E2,1.296977601E1,8.019623822E1,1.389470229E1,2.279999971E0,1.721000061E2,3.000000000E0,2.000000000E0
1.966965275E2,1.296975799E1,8.019623998E1,1.389473613E1,2.129999876E0,1.693000031E2,3.500000000E0,3.000000000E0
1.976982288E2,1.296974014E1,8.019623780E1,1.489476504E1,2.429999828E0,1.698000031E2,3.000000000E0,2.000000000E0
1.987008338E2,1.296971583E1,8.019623394E1,1.489480337E1,3.079999924E0,1.740000000E2,3.000000000E0,2.000000000E0
1.996944730E2,1.296968075E1,8.019623478E1,1.489486619E1,3.909999847E0,1.828999939E2,3.500000000E0,3.000000000E0
2.006932341E2,1.296963968E1,8.019622782E1,1.489493044E1,4.360000134E0,1.831999969E2,3.000000000E0,3.000000000E0
2.016880312E2,1.296959475E1,8.019622665E1,1.489500826E1,4.639999866E0,1.831999969E2,3.500000000E0,3.000000000E0
2.026876527E2,1.296954660E1,8.019622615E1,1.489509256E1,5.039999962E0,1.808999939E2,3.500000000E0,3.000000000E0
2.036983524E2,1.296949748E1,8.019622916E1,1.489518269E1,5.109999657E0,1.793000031E2,3.000000000E0,3.000000000E0
2.046825857E2,1.296945536E1,8.019623511E1,1.489526392E1,4.900000095E0,1.788000031E2,3.000000000E0,3.000000000E0
2.056979912E2,1.296941488E1,8.019624148E1,1.389534276E1,3.939999819E0,1.775000000E2,3.000000000E0,2.000000000E0
2.066852618E2,1.296938265E1,8.019624325E1,1.389540164E1,3.279999971E0,1.806000061E2,3.000000000E0,2.000000000E0
2.076902842E2,1.296935038E1,8.019624325E1,1.389545853E1,3.460000038E0,1.843999939E2,3.000000000E0,2.000000000E0
2.087005778E2,1.296931668E1,8.019624341E1,1.389551813E1,3.970000029E0,1.843000031E2,3.000000000E0,3.000000000E0
2.096900204E2,1.296927913E1,8.019624232E1,1.389558305E1,3.849999905E0,1.818000031E2,3.000000000E0,3.000000000E0
2.106958423E2,1.296924062E1,8.019623989E1,1.389564809E1,3.859999895E0,1.788000031E2,3.000000000E0,2.000000000E0
2.116921025E2,1.296920072E1,8.019623964E1,1.389571813E1,4.449999809E0,1.783999939E2,3.500000000E0,3.000000000E0
2.126998407E2,1.296916187E1,8.019623704E1,1.389578357E1,4.460000038E0,1.803999939E2,3.000000000E0,3.000000000E0
2.136940838E2,1.296911212E1,8.019623939E1,1.389587402E1,5.319999695E0,1.821999969E2,3.000000000E0,3.000000000E0
2.146913040E2,1.296907092E1,8.019623771E1,1.289594468E1,5.179999828E0,1.828000031E2,3.000000000E0,3.000000000E0
2.156971684E2,1.296902432E1,8.019623654E1,1.289602546E1,4.900000095E0,1.851000061E2,3.000000000E0,2.000000000E0
2.167026597E2,1.296898124E1,8.019623687E1,1.289610180E1,4.900000095E0,1.818000031E2,2.500000000E0,2.000000000E0
2.176860843E2,1.296893887E1,8.019624090E1,1.289618121E1,5.400000095E0,1.753000031E2,3.000000000E0,3.000000000E0
2.187003032E2,1.296888937E1,8.019624643E1,1.289627496E1,5.539999962E0,1.771000061E2,3.000000000E0,2.000000000E0
2.196920421E2,1.296884243E1,8.019625364E1,1.389636616E1,5.519999981E0,1.818999939E2,3.000000000E0,2.000000000E0
2.206924555E2,1.296878472E1,8.019624651E1,1.289645954E1,5.549999714E0,1.816999969E2,3.000000000E0,2.000000000E0
2.216983904E2,1.296872915E1,8.019624844E1,1.289655977E1,5.199999809E0,1.783999939E2,3.000000000E0,3.000000000E0
2.226894190E2,1.296868322E1,8.019625112E1,1.289664389E1,4.949999809E0,1.763000031E2,3.000000000E0,2.000000000E0
2.236930997E2,1.296864026E1,8.019625104E1,1.289671952E1,5.389999866E0,1.788000031E2,3.000000000E0,2.000000000E0
2.246948700E2,1.296859332E1,8.019625381E1,1.289680551E1,4.980000019E0,1.775000000E2,3.000000000E0,2.000000000E0
2.256962391E2,1.296854794E1,8.019625138E1,1.189688267E1,5.319999695E0,1.773999939E2,3.000000000E0,3.000000000E0
2.266915533E2,1.296849743E1,8.019625096E1,1.189697121E1,5.440000057E0,1.798000031E2,2.500000000E0,2.000000000E0
2.276930430E2,1.296844672E1,8.019624685E1,1.289705578E1,5.269999981E0,1.801000061E2,3.000000000E0,2.000000000E0
2.287001467E2,1.296840385E1,8.019624048E1,1.289712389E1,4.779999733E0,1.796000061E2,3.000000000E0,2.000000000E0
2.296909051E2,1.296836764E1,8.019623344E1,1.289717946E1,3.759999990E0,1.798999939E2,3.000000000E0,2.000000000E0
2.306936250E2,1.296833952E1,8.019622916E1,1.289722402E1,2.549999952E0,1.821999969E2,3.500000000E0,3.000000000E0
2.316945386E2,1.296832292E1,8.019622765E1,1.289725150E1,1.699999928E0,1.861000061E2,3.500000000E0,3.000000000E0
2.326943329E2,1.296831014E1,8.019622799E1,1.289727443E1,1.519999981E0,1.848000031E2,3.000000000E0,3.000000000E0
2.336929353E2,1.296828990E1,8.019622573E1,1.289730746E1,3.369999886E0,1.836999969E2,3.500000000E0,3.000000000E0
2.346806302E2,1.296825365E1,8.019622598E1,1.289737166E1,4.569999695E0,1.801000061E2,3.500000000E0,3.000000000E0
2.356884086E2,1.296822129E1,8.019623453E1,1.389743873E1,2.909999847E0,1.701000061E2,3.500000000E0,3.000000000E0
2.366924533E2,1.296819992E1,8.019625263E1,1.389749766E1,1.959999919E0,1.515000000E2,3.500000000E0,3.000000000E0
2.376828339E2,1.296818454E1,8.019626202E1,1.389753579E1,1.649999976E0,1.351000061E2,3.000000000E0,2.000000000E0
2.386881284E2,1.296817331E1,8.019627476E1,1.389757054E1,1.679999948E0,1.278000031E2,3.500000000E0,3.000000000E0
2.396875408E2,1.296816689E1,8.019628809E1,1.389759748E1,9.099999666E-1,1.113000031E2,3.500000000E0,3.000000000E0
2.406948625E2,1.296816949E1,8.019628884E1,1.489759379E1,2.999999821E-1,9.530000305E1,3.500000000E0,3.000000000E0
2.416902372E2,1.296816907E1,8.019628415E1,1.489758902E1,1.899999976E-1,8.069999695E1,3.500000000E0,3.000000000E0
2.426895943E2,1.296816928E1,8.019628390E1,1.489758836E1,0.000000000E0,NaN,3.500000000E0,3.000000000E0
