"Time (s)","Acceleration x (m/s^2)","Acceleration y (m/s^2)","Acceleration z (m/s^2)"
8.953499000E-3,-4.352658749E0,1.029506683E1,5.978321552E0
1.017657600E-2,-5.219359875E0,1.038604736E1,4.599261284E0
1.302130700E-2,-4.668693542E0,1.061349583E1,3.229778051E0
1.427300000E-2,-2.997540474E0,1.090080070E1,2.360682964E0
1.712461400E-2,-8.834604025E-1,1.088404083E1,1.987187386E0
1.838384600E-2,9.169792533E-1,1.025675964E1,1.984793186E0
2.122811400E-2,2.274491549E0,8.415618896E0,2.707842112E0
2.291411500E-2,2.580949545E0,7.762001991E0,3.859453201E0
2.527784600E-2,2.219424963E0,8.051700592E0,5.214571476E0
2.646907600E-2,8.930372596E-1,8.765172005E0,6.026205540E0
2.935611400E-2,-9.313444495E-1,9.155426979E0,5.894524574E0
3.054796100E-2,-2.322375536E0,9.023746490E0,5.327098846E0
3.345919100E-2,-2.638410330E0,8.626308441E0,5.011064053E0
3.468230700E-2,-2.006340981E0,8.080430984E0,5.015852451E0
3.731992300E-2,-8.571242094E-1,7.690176010E0,5.087678432E0
3.876857600E-2,1.939303428E-1,7.812280178E0,5.159504890E0
4.166542200E-2,5.219359994E-1,8.343792915E0,5.202600479E0
4.325123000E-2,1.292868853E-1,9.196128845E0,5.269638062E0
4.509315300E-2,-3.926490843E-1,9.995792389E0,5.018246651E0
4.690823000E-2,-3.782838583E-1,1.036689377E1,4.141968727E0
4.939676900E-2,6.488286853E-1,1.017296314E1,2.705447912E0
5.101423000E-2,2.583343744E0,9.574412346E0,1.103726983E0
5.341996100E-2,4.458003521E0,8.968679428E0,-2.226607651E-1
5.510215300E-2,4.999093056E0,8.734047890E0,-9.840168953E-1
5.747026900E-2,3.730166197E0,8.980650902E0,-1.000776291E0
5.923211500E-2,1.199495077E0,9.629479408E0,-2.106897533E-1
6.212861400E-2,-1.558625340E0,1.016817474E1,1.221042871E0
6.344546100E-2,-3.471592426E0,9.935936928E0,2.765302896E0
6.563796100E-2,-3.804386616E0,9.018958092E0,4.110844135E0
6.733230700E-2,-2.628833532E0,7.888894558E0,5.090072632E0
6.977526900E-2,-6.871358752E-1,6.986280441E0,5.604825974E0
7.142503800E-2,1.144428372E0,6.567295074E0,5.746084213E0
7.382549900E-2,2.391807556E0,6.476315498E0,5.492298603E0
7.553603800E-2,2.942473888E0,6.782773495E0,5.123591423E0
7.797576900E-2,2.408566952E0,8.178592682E0,5.121197224E0
7.973961500E-2,1.077390790E0,9.334992409E0,5.307945251E0
8.254057600E-2,-9.744400978E-1,1.027112484E1,5.300762653E0
8.412265300E-2,-3.244143248E0,1.082897472E1,4.836287498E0
8.660796000E-2,-5.015852451E0,1.112585545E1,3.950432777E0
8.777553800E-2,-5.607220173E0,1.115697956E1,2.782062292E0
9.067369200E-2,-4.723760128E0,1.102769279E1,1.695094824E0
9.187980700E-2,-2.736572504E0,1.088404083E1,1.077390790E0
9.477999900E-2,-5.626373887E-1,1.068053341E1,1.082179189E0
9.597423000E-2,9.624691010E-1,1.005804157E1,1.568202138E0
9.888342200E-2,1.702277422E0,8.930372238E0,2.475604534E0
1.001183070E-1,2.092532396E0,7.836222172E0,3.787626982E0
1.029871140E-1,2.123656988E0,7.611167431E0,5.365406036E0
1.046945760E-1,4.596867263E-1,8.429984093E0,6.835445881E0
1.070220380E-1,-4.788403511E-1,8.690952301E0,6.868964672E0
1.082031150E-1,-2.243366957E0,9.011775017E0,6.586448669E0
1.110962680E-1,-3.282450438E0,8.971074104E0,6.303933144E0
1.122956920E-1,-3.196259260E0,8.367734909E0,6.057330132E0
1.151762680E-1,-1.996764183E0,7.407660007E0,5.647922039E0
1.163461920E-1,-8.379705995E-2,6.909666061E0,5.219359875E0
1.190317690E-1,1.453280449E0,7.551311970E0,5.171475887E0
1.204829610E-1,1.414973259E0,8.729259491E0,5.238513470E0
1.233474220E-1,4.788403213E-2,9.818621635E0,5.003881454E0
1.249756150E-1,-1.757344007E0,1.098459721E1,4.084507942E0
1.267745760E-1,-1.757344007E0,1.104445267E1,3.564966440E0
1.285978070E-1,-4.285621047E-1,1.065180302E1,2.190694571E0
1.310549990E-1,2.281674147E0,9.746794701E0,4.453215301E-1
1.327478840E-1,4.912901878E0,8.939949036E0,-1.134851575E0
1.351223840E-1,5.554547787E0,9.172186852E0,-1.829170108E0
1.368024990E-1,3.406949043E0,9.892841339E0,-1.280897856E0
1.391697300E-1,1.604115069E-1,1.045308495E1,-1.604115069E-1
1.409262300E-1,-2.779668093E0,1.039801788E1,1.338358760E0
1.438052290E-1,-4.067748547E0,9.624691010E0,2.999934673E0
1.450668840E-1,-3.541024208E0,8.336610794E0,4.501099110E0
1.474048840E-1,-2.097320795E0,7.055712223E0,5.765237808E0
1.491146530E-1,-5.482721925E-1,6.299144745E0,6.629544735E0
1.515495760E-1,6.871358752E-1,6.344634533E0,7.067683220E0
1.532201150E-1,1.484405041E0,6.861782074E0,7.034164429E0
1.555913070E-1,2.049436569E0,7.448361397E0,6.658275127E0
1.573419990E-1,2.427720547E0,8.018181801E0,6.332663536E0
1.597476150E-1,2.233790159E0,8.566453934E0,6.227318764E0
1.614745380E-1,9.600749016E-1,9.153033257E0,6.177040577E0
1.643409600E-1,-1.403002143E0,9.720458984E0,5.719748020E0
1.658753070E-1,-4.027047157E0,1.036449909E1,4.699818134E0
1.684171520E-1,-5.760449409E0,1.108994198E1,3.294421434E0
1.695737690E-1,-5.834669590E0,1.168370438E1,1.867477298E0
1.724851910E-1,-4.242525578E0,1.188242340E1,9.026140571E-1
1.736819220E-1,-1.592144132E0,1.134612179E1,5.530605912E-1
1.765879210E-1,1.189918280E0,1.015620327E1,8.547300100E-1
1.777789220E-1,3.287238836E0,8.647856712E0,1.594538331E0
1.806884990E-1,4.331110954E0,7.515398979E0,2.509123325E0
1.819190760E-1,4.185064793E0,7.536946774E0,3.545812607E0
1.847926520E-1,1.661576033E0,9.002198219E0,4.659116745E0
1.865734220E-1,-8.523358107E-1,9.720458984E0,4.910507679E0
1.888378440E-1,-2.856282711E0,9.703699112E0,4.970362663E0
1.900093840E-1,-3.562572241E0,9.059659004E0,5.015852451E0
1.929059600E-1,-2.925714493E0,8.061277390E0,5.042188644E0
1.941029220E-1,-1.407790542E0,7.328651428E0,5.159504890E0
1.970092290E-1,1.604115069E-1,7.441178799E0,5.595249176E0
1.982039610E-1,7.422025204E-1,8.104372978E0,6.105214119E0
2.009693460E-1,1.340752989E-1,9.011775017E0,6.397306919E0
2.023383840E-1,-8.164227605E-1,9.923966408E0,6.248866558E0
2.052154210E-1,-1.146822572E0,1.039562416E1,5.544970989E0
2.068174220E-1,-2.346317619E-1,1.018253994E1,4.331110954E0
2.086689220E-1,1.924938202E0,9.375694275E0,2.738966703E0
2.104739610E-1,4.273650169E0,8.489839554E0,1.189918280E0
2.130541530E-1,5.267243862E0,8.145073891E0,2.657563984E-1
2.145729610E-1,4.249708176E0,8.542511940E0,1.436520964E-1
2.169908840E-1,1.647210717E0,9.476250648E0,6.991068721E-1
2.186860380E-1,-1.505952835E0,1.024718285E1,1.503558636E0
2.210539610E-1,-3.916913986E0,1.019929886E1,2.312798738E0
2.228061150E-1,-4.450820923E0,9.418789864E0,3.153163671E0
2.256800750E-1,-3.076549292E0,8.396465302E0,3.991134167E0
2.269424220E-1,-8.882488012E-1,7.539340973E0,4.592078686E0
2.292778070E-1,9.911994934E-1,7.077260017E0,4.690241337E0
2.310108070E-1,2.195482969E0,7.022193432E0,4.359841347E0
2.334374610E-1,2.870647907E0,7.326257229E0,3.979163170E0
2.351333460E-1,3.071760893E0,8.006210327E0,4.036623955E0
2.374911530E-1,1.958456993E0,9.246406555E0,4.711789131E0
2.392268840E-1,4.788403213E-2,9.957485199E0,4.965574265E0
2.416469610E-1,-2.516305923E0,1.054406452E1,4.797980309E0
2.433368460E-1,-4.896142483E0,1.101332760E1,4.216189384E0
2.462248440E-1,-6.098031521E0,1.126950741E1,3.339911461E0
2.478179220E-1,-5.556941986E0,1.128147888E1,2.480392933E0
2.503026520E-1,-3.411737442E0,1.107078838E1,2.020706177E0
2.514643070E-1,-5.291185975E-1,1.049857426E1,2.138022184E0
2.543704600E-1,1.932120800E0,9.397241592E0,2.750937700E0
2.555849990E-1,3.337517262E0,7.896077156E0,3.617638826E0
2.584731520E-1,3.823540211E0,6.938396454E0,4.726154327E0
2.596630760E-1,3.303998232E0,7.184999466E0,6.033388138E0
2.625756130E-1,1.539471745E0,8.149862289E0,6.976703644E0
2.637898840E-1,-9.265560508E-1,8.916007042E0,7.065289021E0
2.666794980E-1,-2.925714493E0,9.129091263E0,6.483498096E0
2.684421530E-1,-3.536235809E0,8.556877136E0,5.379771233E0
2.707168060E-1,-3.131615877E0,8.173804283E0,5.032611847E0
2.718812690E-1,-1.661576033E0,7.520187378E0,4.503493309E0
2.747847290E-1,5.506663769E-2,7.603984833E0,4.393360138E0
2.759746530E-1,8.667010069E-1,8.298302650E0,4.529829502E0
2.788774990E-1,3.711012602E-1,9.179368973E0,4.599261284E0
2.800711150E-1,-6.512228847E-1,1.008916569E1,4.405331135E0
2.828101530E-1,-1.271321058E0,1.074757099E1,3.881000996E0
2.843430760E-1,-8.786720037E-1,1.081221485E1,2.997540474E0
2.870948060E-1,8.643068075E-1,1.012029076E1,1.661576033E0
2.887182300E-1,4.405331135E0,8.729259491E0,-2.442085743E-1
2.905350760E-1,5.082890034E0,8.489839554E0,-5.363011956E-1
2.924230380E-1,4.932055473E0,8.561665535E0,-3.902548850E-1
2.948141150E-1,1.484405041E0,9.536105156E0,1.182735682E0
2.964363840E-1,-1.580173135E0,9.806650162E0,2.499546528E0
2.989389610E-1,-3.691859007E0,9.282320023E0,3.737348795E0
3.006933450E-1,-3.948038578E0,8.384494781E0,4.979939461E0
3.029293450E-1,-2.652775526E0,7.515398979E0,5.992686749E0
3.047547300E-1,-8.188169599E-1,6.967126846E0,6.452373505E0
3.075573060E-1,7.781155705E-1,6.818686485E0,6.244078159E0
3.088601530E-1,1.927332401E0,7.029376030E0,5.621585369E0
3.110677690E-1,2.729389906E0,7.501033783E0,5.051765442E0
3.127941920E-1,3.196259260E0,8.130708694E0,4.728548527E0
3.151908840E-1,3.021482468E0,8.889671326E0,4.620809078E0
3.169394220E-1,1.776497602E0,9.646238327E0,4.441244125E0
3.192527300E-1,-5.410895944E-1,1.026154804E1,3.912125587E0
3.210154220E-1,-3.236960649E0,1.080024433E1,3.055001259E0
3.233974220E-1,-5.331887245E0,1.131739140E1,2.044648170E0
3.251033840E-1,-6.038176537E0,1.174834728E1,1.180341482E0
3.279728440E-1,-5.023035049E0,1.195185471E1,7.948749661E-1
3.295078070E-1,-2.695871115E0,1.153286934E1,9.433154464E-1
3.320401520E-1,-2.633621916E-2,1.037168217E1,1.635239720E0
3.334889990E-1,2.142810583E0,8.705317497E0,2.741360903E0
3.361095360E-1,3.524264812E0,7.299921036E0,4.125209332E0
3.373484220E-1,3.804386616E0,6.938396454E0,5.700594425E0
3.402128820E-1,2.676717520E0,7.469909191E0,7.012616634E0
3.414148450E-1,4.046200812E-1,8.173804283E0,7.627926826E0
3.443164210E-1,-1.984793186E0,8.547300339E0,7.551311970E0
3.455221150E-1,-3.313575268E0,8.626308441E0,7.158663273E0
3.484196130E-1,-2.815581083E0,8.149862289E0,6.260837555E0
3.502609610E-1,-1.527500629E0,7.843404770E0,5.652710438E0
3.524622670E-1,-1.532289088E-1,8.032546997E0,5.243301868E0
3.537028070E-1,6.512228847E-1,8.597578049E0,4.946420670E0
3.565304590E-1,5.961562395E-1,9.349357605E0,4.601655483E0
3.577573450E-1,9.337386489E-2,1.004128170E1,3.919308186E0
3.606336900E-1,-1.340752989E-1,1.048420906E1,2.896984100E0
3.618797300E-1,4.405331016E-1,1.052012253E1,1.608903527E0
3.646081920E-1,1.812410712E0,1.009395409E1,2.130839527E-1
3.660387680E-1,3.268085241E0,9.521739960E0,-9.121908545E-1
3.688426130E-1,3.742137194E0,9.282320023E0,-1.254561663E0
3.706114610E-1,2.834734917E0,9.447520256E0,-6.751648784E-1
3.724717680E-1,9.241618514E-1,9.818621635E0,5.889736414E-1
3.741089610E-1,-1.221042871E0,9.732429504E0,2.015917778E0
3.765535760E-1,-2.683900118E0,8.848969460E0,3.280056238E0
3.781865760E-1,-2.820369720E0,7.788338184E0,4.575319290E0
3.806226920E-1,-1.836352706E0,7.113173485E0,5.789179802E0
3.823357680E-1,-5.985504389E-1,6.964732647E0,6.497863293E0
3.847151920E-1,2.873041928E-1,7.173028469E0,6.519411087E0
3.864555760E-1,8.738836050E-1,7.503427982E0,6.028599739E0
3.893212280E-1,1.510741234E0,7.833827972E0,5.470750809E0
3.905924990E-1,2.240972757E0,8.236053467E0,5.161899090E0
3.928935760E-1,2.652775526E0,8.719682693E0,4.927267075E0
3.947491530E-1,2.116474390E0,9.275136948E0,4.453215122E0
3.970787680E-1,4.094084799E-1,9.900024414E0,3.634398222E0
3.987609220E-1,-3.160346270E0,1.093671322E1,2.011129379E0
4.011754990E-1,-4.958391666E0,1.153286934E1,9.840168953E-1
4.029225760E-1,-5.449203014E0,1.201889229E1,4.213795066E-1
4.052639610E-1,-4.448426723E0,1.213142014E1,4.932055473E-1
4.070096150E-1,-2.413355350E0,1.147540855E1,1.098938584E0
4.098597670E-1,-1.628057212E-1,9.945513725E0,2.109291792E0
4.113963070E-1,1.826775908E0,8.121131897E0,3.383007050E0
4.139341900E-1,3.141192675E0,7.017405033E0,4.979939461E0
4.151123450E-1,3.234566450E0,6.959944248E0,6.603208065E0
4.180028050E-1,1.908178806E0,7.462726593E0,7.675810814E0
4.194946150E-1,-2.346317619E-1,7.905653954E0,7.872135162E0
4.221055360E-1,-2.121262789E0,8.192957878E0,7.524975777E0
4.233293450E-1,-2.992752075E0,8.379706383E0,7.043741226E0
4.262090740E-1,-2.794033289E0,8.329427719E0,6.497863293E0
4.274364990E-1,-1.903390408E0,8.159439087E0,5.882553577E0
4.303126900E-1,-8.236053586E-1,8.315062523E0,5.346252441E0
4.322109990E-1,1.867477298E-1,9.143456459E0,4.563348293E0
4.343567670E-1,2.896983922E-1,9.466673851E0,4.177882195E0
4.355640760E-1,3.351882398E-1,1.012268448E1,3.236960649E0
4.384256130E-1,5.195417404E-1,1.058716011E1,2.111685991E0
4.396055760E-1,1.168370485E0,1.059673691E1,8.762778044E-1
4.425077300E-1,2.221819162E0,1.018253994E1,-2.561795712E-1
4.437101150E-1,3.110068083E0,9.696516991E0,-1.010353088E0
4.464031150E-1,3.045424461E0,9.471462250E0,-1.034295082E0
4.479221920E-1,1.877054095E0,9.543288231E0,-2.106897533E-1
4.507169970E-1,5.027823523E-2,9.667786598E0,1.283292055E0
4.524918840E-1,-2.293645144E0,8.939949036E0,3.727771997E0
4.541374220E-1,-2.621650934E0,8.451532364E0,4.455609322E0
4.559181530E-1,-2.418143749E0,7.498639584E0,5.760449409E0
4.583934610E-1,-8.523358107E-1,6.789956093E0,6.833051682E0
4.600165760E-1,1.675941199E-1,6.873753071E0,6.701370716E0
4.624411530E-1,9.002198577E-1,7.244854450E0,6.100425720E0
4.641368840E-1,1.460463047E0,7.651868820E0,5.370194435E0
4.665542300E-1,1.972822189E0,8.101978302E0,4.850652695E0
4.682554220E-1,2.267308950E0,8.750806808E0,4.532223701E0
4.711600360E-1,1.920149803E0,9.536105156E0,4.096478939E0
4.724140380E-1,7.038952708E-1,1.033576870E1,3.330334663E0
4.747402300E-1,-1.139639974E0,1.096783829E1,2.284068346E0
4.764744610E-1,-2.925714493E0,1.134851646E1,1.151610970E0
4.788791150E-1,-4.015076160E0,1.152808094E1,2.609679997E-1
4.806603070E-1,-4.039018154E0,1.154962921E1,-1.604115069E-1
4.829629220E-1,-3.031059265E0,1.145146656E1,4.548983276E-2
4.846881530E-1,-1.520318031E0,1.095347309E1,8.547300100E-1
4.871066910E-1,-9.097966552E-2,9.780313492E0,2.102109194E0
4.888370760E-1,1.175553083E0,8.307879448E0,3.718195200E0
4.917114200E-1,2.114080191E0,7.412448406E0,5.707777023E0
4.933065760E-1,1.697489023E0,7.410054207E0,8.327033043E0
4.957924200E-1,9.816226959E-1,7.513004780E0,8.781931877E0
4.969706530E-1,-8.236053586E-1,7.596801758E0,8.942343712E0
4.998610360E-1,-2.243366957E0,7.553706169E0,8.434772491E0
5.012506530E-1,-2.679111719E0,7.544129372E0,7.738059998E0
5.039639200E-1,-2.178723574E0,7.419631004E0,6.864176273E0
5.051509610E-1,-3.734954596E-1,7.769184589E0,5.470750809E0
5.080403430E-1,4.237737060E-1,8.671798706E0,4.766855717E0
5.092398450E-1,3.902548850E-1,9.734824181E0,4.043806553E0
5.121083430E-1,-4.788403213E-2,1.066616821E1,3.174711466E0
5.138233840E-1,-3.184288144E-1,1.113543224E1,2.154781580E0
5.161471890E-1,5.506663769E-2,1.102290440E1,1.041477680E0
5.173668070E-1,1.319205165E0,1.034534550E1,-1.939303428E-1
5.202159970E-1,2.975992680E0,9.576807022E0,-1.323993564E0
5.214678070E-1,3.828328609E0,9.289502144E0,-1.855506301E0
5.243183450E-1,3.145981073E0,9.490615845E0,-1.544260144E0
5.255078450E-1,1.266532660E0,9.914389610E0,-3.040636182E-1
5.282061150E-1,-9.720458984E-1,9.986215591E0,1.618480325E0
5.296931150E-1,-2.609679937E0,9.217676163E0,3.660734415E0
5.325262660E-1,-2.928108692E0,7.915230751E0,5.513846397E0
5.342631910E-1,-2.082955360E0,6.713341713E0,7.005434036E0
5.362950760E-1,-9.026140571E-1,6.114790916E0,7.896077156E0
5.378328840E-1,-8.379705995E-2,6.234501362E0,8.020575523E0
5.402554990E-1,3.136404157E-1,6.892906666E0,7.515398979E0
5.418832680E-1,6.272808313E-1,7.654263020E0,6.600813866E0
5.443013450E-1,1.209071875E0,8.312667847E0,5.679046631E0
5.459671150E-1,2.061407566E0,8.908824921E0,4.891354084E0
5.484316530E-1,2.624045134E0,9.452308655E0,4.058171749E0
5.501376910E-1,2.142810583E0,9.988609314E0,3.107673883E0
5.529934970E-1,5.291185975E-1,1.046745014E1,1.970427990E0
5.543813840E-1,-1.699883223E0,1.099178028E1,7.613561153E-1
5.564898840E-1,-3.840299606E0,1.154962921E1,-1.699883193E-1
5.581799610E-1,-5.133168221E0,1.210029507E1,-5.386953950E-1
5.605987680E-1,-5.078101635E0,1.230619717E1,-2.274491638E-1
5.622831530E-1,-3.821146011E0,1.167652130E1,6.536170840E-1
5.647074220E-1,-1.831564307E0,1.015859795E1,2.037465572E0
5.664187680E-1,1.563413739E0,7.848193169E0,4.881777287E0
5.688419990E-1,3.011905670E0,7.137115479E0,6.880935669E0
5.705430760E-1,3.124433279E0,6.888118267E0,8.219294548E0
5.733994580E-1,2.135627985E0,6.754043102E0,8.540117264E0
5.749124990E-1,7.326257229E-1,6.909666061E0,8.226476669E0
5.774651510E-1,-6.272808313E-1,7.438784599E0,7.692570210E0
5.787016530E-1,-1.795651317E0,7.977479935E0,6.976703644E0
5.815293840E-1,-2.547430515E0,8.420407295E0,6.200982571E0
5.827973450E-1,-2.738966703E0,8.963891029E0,5.604825974E0
5.856339200E-1,-2.382230759E0,9.543288231E0,5.085284233E0
5.868733070E-1,-1.503558636E0,1.000536919E1,4.211400986E0
5.897357660E-1,-1.771709323E-1,1.030703831E1,2.920926094E0
5.909522680E-1,1.508347034E0,1.040280628E1,1.436521053E0
5.938377280E-1,3.227383852E0,1.020408726E1,4.788403213E-2
5.955878840E-1,4.654327869E0,9.495404243E0,-1.386242747E0
5.978778040E-1,4.501099110E0,9.363722801E0,-1.561019540E0
5.990831910E-1,3.064578056E0,9.435548782E0,-1.273715258E0
6.019453810E-1,5.841852427E-1,9.818621635E0,-1.244984865E-1
6.031476530E-1,-2.037465572E0,1.001494598E1,1.675941229E0
6.060478040E-1,-3.821146011E0,9.411606789E0,3.684676409E0
6.072536530E-1,-4.084507942E0,8.118738174E0,5.511452198E0
6.099390380E-1,-2.877830505E0,6.842628479E0,7.046135426E0
6.113736530E-1,-9.481038451E-1,6.143521786E0,7.991845131E0
6.142528810E-1,7.709329724E-1,6.157886982E0,7.989450932E0
6.161561910E-1,1.879448295E0,7.213729858E0,6.648698330E0
6.177706910E-1,1.963245392E0,7.589619160E0,6.019022942E0
6.196296140E-1,2.073378563E0,8.183381081E0,4.838681698E0
6.219875760E-1,2.298433542E0,8.710105896E0,4.022258759E0
6.236171140E-1,2.212242365E0,9.758766174E0,2.892195702E0
6.260253840E-1,1.240196466E0,1.058716011E1,1.656787634E0
6.277106530E-1,-4.070142806E-1,1.133415127E1,1.388636976E-1
6.300762680E-1,-2.197877169E0,1.186087513E1,-1.134851575E0
6.318442680E-1,-3.605667830E0,1.213620853E1,-1.608903527E0
6.347106500E-1,-4.264073372E0,1.210987186E1,-1.211466074E0
6.361926140E-1,-4.072536945E0,1.167173290E1,-2.178723514E-1
6.382917680E-1,-3.272873640E0,1.080742645E1,1.165976286E0
6.400402680E-1,-2.068590164E0,9.665391922E0,2.913743496E0
6.424636140E-1,-7.110779285E-1,8.554482460E0,5.123591423E0
6.441178070E-1,5.003881454E-1,7.608773232E0,7.565677166E0
6.465129220E-1,1.278503656E0,6.821080685E0,9.694122314E0
6.482423840E-1,1.537077546E0,6.038176537E0,1.084333992E1
6.508729990E-1,1.405396342E0,5.576095581E0,1.094150162E1
6.525916530E-1,9.121908545E-1,5.880159378E0,1.025675964E1
6.552441500E-1,-1.005564705E-1,6.797138691E0,8.992621422E0
6.567749610E-1,-2.229001760E0,8.408436775E0,6.708553314E0
6.593196120E-1,-2.777273893E0,8.959102631E0,6.059724331E0
6.604721910E-1,-3.196259260E0,1.001733971E1,5.023035049E0
6.633721910E-1,-2.624045134E0,1.069489861E1,3.768473387E0
6.646137300E-1,-1.213860273E0,1.097262669E1,2.006340981E0
6.674890730E-1,9.481038451E-1,1.091516590E1,-8.379705995E-2
6.687495760E-1,3.349488258E0,1.058476543E1,-1.999158382E0
6.715916120E-1,5.027823448E0,1.012747288E1,-3.167528868E0
6.728187680E-1,4.520252705E0,9.646238327E0,-4.716577530E0
6.756944200E-1,1.994369984E0,1.048660374E1,-5.928043365E0
6.774724990E-1,-1.137245774E0,1.214339066E1,-4.695029736E0
6.797311910E-1,-3.368641853E0,1.248815632E1,-7.254431248E-1
6.808979610E-1,-4.412513733E0,1.029267311E1,3.287238836E0
6.838074200E-1,-4.201824188E0,7.125144482E0,5.875370979E0
6.850331910E-1,-2.317587137E0,5.346252441E0,7.785943985E0
6.879099190E-1,4.668693244E-1,5.339069843E0,9.548076630E0
6.891193070E-1,2.422932148E0,5.729324818E0,1.042435455E1
6.918147300E-1,2.937685490E0,5.808333397E0,1.022084713E1
6.932366530E-1,2.856282711E0,6.323086739E0,9.629479408E0
6.961154960E-1,2.451662540E0,7.252037048E0,8.925583839E0
6.977718070E-1,1.663970232E0,8.204929352E0,7.718906403E0
6.996426910E-1,6.440402865E-1,9.160215378E0,6.045359135E0
7.015350760E-1,-3.519476354E-1,1.019451046E1,4.230554581E0
7.039195370E-1,-1.209071875E0,1.113303757E1,2.616862535E0
7.054814990E-1,-1.898601890E0,1.154484081E1,1.142034173E0
7.079018840E-1,-2.331952572E0,1.145386124E1,-1.556231081E-1
7.095729610E-1,-2.367865562E0,1.134372807E1,-9.504981041E-1
7.119180760E-1,-2.047042370E0,1.126711273E1,-1.022324085E0
7.136902680E-1,-1.716642618E0,1.086728191E1,-3.782838583E-1
7.165767660E-1,-1.628057122E0,9.955090523E0,1.015141487E0
7.178834610E-1,-1.434126854E0,9.076418877E0,3.138798475E0
7.202147300E-1,-1.036689281E0,8.738836288E0,5.614402771E0
7.219146530E-1,-8.403648138E-1,8.554482460E0,7.551311970E0
7.243288840E-1,-8.403648138E-1,7.560888767E0,8.607154846E0
7.260233070E-1,-3.950432837E-1,6.756437302E0,8.655038834E0
7.284374610E-1,2.825157940E-1,6.483498096E0,8.585607529E0
7.301151140E-1,3.950432837E-1,6.536170483E0,8.032546997E0
7.325501530E-1,-1.843535304E-1,6.880935669E0,6.938396454E0
7.343084990E-1,-9.241618514E-1,7.984662533E0,5.951985359E0
7.371186500E-1,-1.534683347E0,9.581595421E0,5.307945251E0
7.387723450E-1,-1.742978811E0,1.088882923E1,4.419696331E0
7.411957270E-1,-1.244984865E0,1.141315937E1,2.980781078E0
7.423791140E-1,2.585737705E-1,1.121204662E1,1.314416766E0
7.452559990E-1,2.853888512E0,1.052012253E1,-3.471592367E-1
7.464705760E-1,5.202600479E0,9.677363396E0,-1.731007814E0
7.493659960E-1,5.894524574E0,9.045293808E0,-2.856282711E0
7.505624610E-1,4.479551315E0,9.234436035E0,-3.043030262E0
7.534694580E-1,1.443703651E0,1.018014526E1,-1.939303398E0
7.547140760E-1,-2.092532396E0,1.091516590E1,-3.591302410E-2
7.575722270E-1,-4.929661274E0,1.068053341E1,2.207453966E0
7.593289990E-1,-5.176264286E0,8.350975990E0,5.346252441E0
7.616105350E-1,-4.060565948E0,7.417236805E0,6.284779549E0
7.627681530E-1,-9.576807022E-1,5.827486992E0,7.872135162E0
7.656786500E-1,1.936909199E0,4.958391666E0,8.643068314E0
7.669496530E-1,3.543418407E0,5.114014626E0,8.482656479E0
7.697821110E-1,3.679888010E0,6.215347767E0,7.625532627E0
7.709691530E-1,2.794033289E0,7.563282967E0,6.351817131E0
7.736662680E-1,1.616086125E0,8.597578049E0,5.006275654E0
7.751215760E-1,7.445967197E-1,9.440337181E0,3.940855980E0
7.779884580E-1,-2.394201756E-1,1.062307262E1,2.521094322E0
7.796530760E-1,-1.173158884E0,1.130302620E1,1.204283476E0
7.814183450E-1,-2.145204782E0,1.178186703E1,-3.447650373E-1
7.832669220E-1,-2.851494312E0,1.204762268E1,-1.455674648E0
7.858511530E-1,-3.114856482E0,1.208832455E1,-1.565807939E0
7.874307680E-1,-2.846705914E0,1.175313568E1,-7.326257229E-1
7.897631530E-1,-2.178723574E0,1.094389629E1,7.565677166E-1
7.913840370E-1,-1.501164436E0,9.732429504E0,2.643198729E0
7.937610370E-1,-9.193734527E-1,8.631096840E0,4.826710701E0
7.955196910E-1,-4.716577232E-1,7.931990147E0,7.132327080E0
7.983821500E-1,-2.537853718E-1,7.477091789E0,9.248801231E0
7.997115370E-1,-5.985504389E-2,6.892906666E0,1.066377449E1
8.019662300E-1,3.351882398E-1,6.191405773E0,1.120007515E1
8.035900370E-1,7.805097699E-1,5.942408562E0,1.096065521E1
8.060163070E-1,7.422025204E-1,6.378153324E0,1.002452278E1
8.076989600E-1,-1.436521020E-2,7.153874874E0,8.446743965E0
8.100621910E-1,-1.189918280E0,8.080430984E0,6.768408298E0
8.117880370E-1,-2.181117773E0,9.035717010E0,5.465962410E0
8.142039990E-1,-2.394201756E0,9.964667320E0,4.304774761E0
8.159171140E-1,-1.733402014E0,1.080503273E1,2.782062292E0
8.187978420E-1,-2.585737705E-1,1.134851646E1,6.584054828E-1
8.203324600E-1,1.932120800E0,1.143949604E1,-1.678335428E0
8.228652270E-1,4.247313976E0,1.107318306E1,-3.430891037E0
8.240119600E-1,5.559336185E0,1.014902115E1,-4.225766182E0
8.269347270E-1,5.233725071E0,9.392453194E0,-3.900154591E0
8.281329220E-1,3.387795448E0,9.512163162E0,-2.492363930E0
8.310388800E-1,4.094084799E-1,1.012747288E1,-6.440402865E-1
8.322703450E-1,-3.023876667E0,1.045308495E1,1.453280449E0
8.351430340E-1,-5.353435040E0,9.804255486E0,3.552995205E0
8.364427680E-1,-5.312733650E0,8.535328865E0,5.791574001E0
8.392471110E-1,-1.628057122E0,6.358999729E0,8.736441612E0
8.409376140E-1,1.675941229E0,5.209783077E0,9.344569206E0
8.432765760E-1,4.340687752E0,4.932055473E0,8.791508675E0
8.444558070E-1,5.463568211E0,5.540182590E0,7.453149796E0
8.473568420E-1,4.845864296E0,6.703764915E0,6.023811340E0
8.485472680E-1,3.055001259E0,8.085219383E0,5.073313236E0
8.514607270E-1,8.379706144E-1,9.524134636E0,4.623203278E0
8.528277300E-1,-1.412579060E0,1.081221485E1,3.979163170E0
8.553184220E-1,-3.268085241E0,1.177229023E1,2.552218914E0
8.567613840E-1,-4.182670593E0,1.225113010E1,4.788403511E-1
8.596675730E-1,-3.924096584E0,1.217690945E1,-1.424550056E0
8.613308450E-1,-2.729389906E0,1.169806957E1,-2.291250944E0
8.631351530E-1,-1.268926859E0,1.103487587E1,-2.003946781E0
8.649854600E-1,-2.609679997E-1,1.046984386E1,-9.528923035E-1
8.674909600E-1,-1.556231081E-1,1.007240677E1,5.123591423E-1
8.690963840E-1,-8.667010069E-1,9.521739960E0,2.197877169E0
8.714389600E-1,-1.616086125E0,8.765172005E0,4.120420933E0
8.731128840E-1,-1.857900500E0,8.240841866E0,6.505045891E0
8.754871140E-1,-1.819593310E0,7.891288757E0,8.899248123E0
8.772334220E-1,-1.793257117E0,7.405265808E0,1.056800652E1
8.801456880E-1,-1.522712231E0,6.792350292E0,1.109233665E1
8.813899600E-1,-9.074024558E-1,6.399701118E0,1.057518864E1
8.837408450E-1,-2.226607651E-1,6.287173748E0,9.327810287E0
8.854535760E-1,2.705447972E-1,6.320692539E0,7.721300602E0
8.878943450E-1,6.703764796E-1,6.746860504E0,6.251260757E0
8.895399220E-1,2.537853718E-1,8.944737434E0,5.250484467E0
8.919190370E-1,-1.173158884E0,1.056800652E1,4.481945515E0
8.936465370E-1,-2.525882721E0,1.175792408E1,2.918531895E0
8.960559220E-1,-2.626439333E0,1.217451572E1,9.241618514E-1
8.978009220E-1,-9.840168953E-1,1.177468395E1,-8.283938169E-1
9.006861110E-1,1.965639591E0,1.076193619E1,-2.039859772E0
9.022705370E-1,4.869806290E0,9.574412346E0,-2.875436306E0
9.047626490E-1,6.155492783E0,9.040505409E0,-3.306392431E0
9.058861910E-1,5.056553841E0,9.476250648E0,-3.110068083E0
9.088219220E-1,2.092532396E0,1.047463226E1,-2.094926596E0
9.100013070E-1,-1.477222443E0,1.124077702E1,-1.651999205E-1
9.129349190E-1,-4.192247391E0,1.094150162E1,2.351106167E0
9.141177300E-1,-4.884171486E0,9.471462250E0,4.797980309E0
9.170381110E-1,-3.507505417E0,7.474697590E0,6.777985096E0
9.182515760E-1,-1.048660398E0,5.813121796E0,8.015787125E0
9.211406110E-1,1.273715258E0,5.142745018E0,8.499416351E0
9.229058830E-1,3.062183857E0,5.712565422E0,7.886500359E0
9.251754220E-1,3.189076662E0,6.126761913E0,7.479485989E0
9.263693450E-1,2.882618904E0,7.175422668E0,6.859387875E0
9.292511880E-1,1.965639591E0,8.403648376E0,6.710947514E0
9.304392300E-1,5.674257874E-1,9.507374763E0,6.610390663E0
9.333547260E-1,-1.163581967E0,1.027351952E1,6.057330132E0
9.348469220E-1,-2.889801502E0,1.066616821E1,4.982333660E0
9.373659990E-1,-4.039018154E0,1.087685871E1,3.720589399E0
9.387455760E-1,-4.158728123E0,1.094389629E1,2.533065319E0
9.415606110E-1,-3.260902643E0,1.090080070E1,1.482010841E0
9.431032680E-1,-9.169792533E-1,1.079545593E1,4.333505034E-1
9.450329220E-1,5.698199868E-1,1.060870743E1,2.777273953E-1
9.468123070E-1,1.546654344E0,1.012268448E1,7.062895298E-1
9.493172300E-1,2.013523579E0,9.244012833E0,1.584961534E0
9.509296530E-1,2.245761156E0,8.415618896E0,2.712630510E0
9.533444990E-1,2.233790159E0,8.252813339E0,3.902548790E0
9.550240370E-1,1.592144132E0,8.564059258E0,4.692635536E0
9.573723070E-1,2.178723514E-1,8.942343712E0,4.958391666E0
9.591336910E-1,-1.319205165E0,9.095572472E0,4.905719280E0
9.620298030E-1,-2.317587137E0,8.743624687E0,4.778826714E0
9.632933450E-1,-2.401384354E0,7.939172745E0,4.824316502E0
9.656361140E-1,-1.568202138E0,7.266402245E0,5.188235283E0
9.674984220E-1,-3.639186621E-1,7.369352818E0,5.770026207E0
9.698324220E-1,1.604115069E-1,8.226476669E0,6.248866558E0
9.714931910E-1,-3.998316824E-1,9.193734169E0,6.370970726E0
9.738409220E-1,-1.233013868E0,9.976638794E0,6.277596951E0
9.756044990E-1,-1.441309452E0,1.037647057E1,6.179434776E0
9.779928450E-1,-6.607996821E-1,1.005325317E1,5.777208805E0
9.797106140E-1,1.189918280E0,9.169792175E0,4.685452938E0
9.825776110E-1,3.488351822E0,8.317456245E0,3.028665066E0
9.841873450E-1,5.097255230E0,8.161833763E0,7.900865674E-1
9.866564570E-1,4.762067318E0,8.470685959E0,3.375824392E-1
9.878646910E-1,2.987963676E0,9.449913979E0,-5.506663769E-2
9.907249950E-1,4.764461517E-1,1.056321812E1,1.292868853E-1
9.919234220E-1,-1.783680320E0,1.123838234E1,6.464344859E-1
9.948277260E-1,-2.928108692E0,1.042674828E1,1.441309452E0
9.960573830E-1,-1.927332401E0,9.009381294E0,1.893813491E0
9.989300340E-1,-2.513911724E-1,7.666234016E0,2.324769735E0
1.000324653E0,1.256955862E0,6.907271862E0,2.671929121E0
1.003032611E0,2.085349798E0,6.777985096E0,2.832340717E0
1.004729883E0,2.149993181E0,7.161057472E0,2.973598480E0
1.007061345E0,1.546654344E0,7.999027729E0,3.533841610E0
1.008233614E0,3.160346150E-1,8.990227699E0,4.656722069E0
1.011137572E0,-1.381454349E0,9.775525093E0,6.074089527E0
1.012409730E0,-3.227383852E0,1.010831928E1,7.285555840E0
1.015239918E0,-4.805162907E0,1.002452278E1,7.960720539E0
1.016447691E0,-5.451597214E0,9.768342972E0,7.946355343E0
1.019208460E0,-4.695029736E0,9.526528358E0,7.184999466E0
1.020617730E0,-2.683900118E0,9.378087997E0,5.949591160E0
1.023446495E0,-2.106897533E-1,9.299078941E0,4.716577530E0
1.025088576E0,1.905784607E0,9.186552048E0,3.778050184E0
1.026927306E0,3.181894064E0,9.033323288E0,3.253720045E0
1.028711883E0,3.521870613E0,8.714894295E0,2.983175278E0
1.031201422E0,3.208230257E0,8.413225174E0,2.786850691E0
1.032904153E0,2.614468336E0,8.525752068E0,2.530671120E0
1.035229960E0,1.757344007E0,9.078812599E0,1.972822189E0
1.037035960E0,4.165911078E-1,9.919178009E0,1.211466074E0
1.039301076E0,-1.374271750E0,1.063025570E1,5.171475410E-1
1.041048614E0,-3.198653460E0,1.079545593E1,3.112462163E-1
1.043931264E0,-4.426878929E0,1.020648193E1,7.852981687E-1
1.045225691E0,-4.017470360E0,8.298302650E0,2.564189911E0
1.047523422E0,-3.248931646E0,7.714118004E0,3.342305660E0
1.049128268E0,-1.391031146E0,6.976703644E0,5.006275654E0
1.051699883E0,9.337386489E-2,7.283161640E0,7.371747017E0
1.053434230E0,-4.453215301E-1,8.185775757E0,8.585607529E0
1.055603883E0,-1.534683347E0,9.066842079E0,9.220070839E0
1.057348153E0,-2.008735180E0,9.624691010E0,9.165003777E0
1.059758037E0,-1.089361787E0,9.428366661E0,8.255207062E0
1.061444230E0,1.225831270E0,8.556877136E0,6.655880928E0
1.064342033E0,4.094084740E0,7.613561630E0,4.697423935E0
1.065921576E0,6.129156113E0,7.304709435E0,2.683900118E0
1.068408110E0,6.275202751E0,8.042123795E0,7.781155705E-1
1.069600383E0,4.419696331E0,9.689333916E0,-7.805097699E-1
1.072476495E0,1.474828243E0,1.160469532E1,-1.893813491E0
1.073667922E0,-1.340752959E0,1.284489250E1,-2.521094322E0
1.076579380E0,-3.078943491E0,1.276348972E1,-2.499546528E0
1.077778691E0,-3.296815634E0,1.127908421E1,-1.881842494E0
1.080682533E0,-2.252943754E0,9.121908188E0,-7.493851185E-1
1.081954345E0,-7.900865674E-1,7.359776020E0,7.637503147E-1
1.084785726E0,2.705447972E-1,6.564900875E0,2.248155355E0
1.086573383E0,3.088520169E-1,6.962338448E0,4.201824188E0
1.088826533E0,0.000000000E0,7.314286232E0,4.910507679E0
1.090040460E0,-8.379706144E-1,8.034940720E0,6.636727333E0
1.092894418E0,-1.877054095E0,8.451532364E0,8.655038834E0
1.094114576E0,-2.997540474E0,8.518569946E0,1.054885292E1
1.096992922E0,-3.892971992E0,8.382100105E0,1.176271248E1
1.098202499E0,-4.268861771E0,8.315062523E0,1.198776817E1
1.100865383E0,-3.881000996E0,8.427590370E0,1.117134476E1
1.102341922E0,-2.633621931E0,8.599972725E0,9.440337181E0
1.105206533E0,-6.129156351E-1,8.825027466E0,7.223306656E0
1.106808422E0,2.853888512E0,9.325415611E0,3.892971992E0
1.108618114E0,4.560954094E0,9.607931137E0,1.917755604E0
1.110437768E0,5.298368454E0,9.773131371E0,1.723825186E-1
1.112949576E0,4.996698856E0,9.854534149E0,-1.290474772E0
1.114576229E0,3.945644379E0,1.016338634E1,-2.365471363E0
1.116962499E0,2.372653961E0,1.073560047E1,-3.095702887E0
1.118649076E0,4.692635238E-1,1.140358257E1,-3.541024208E0
1.121031537E0,-1.501164436E0,1.188960552E1,-3.560178041E0
1.122779691E0,-3.153163671E0,1.195185471E1,-2.841917515E0
1.125679072E0,-4.125209332E0,1.140597725E1,-1.134851575E0
1.127180191E0,-4.261679173E0,9.993397713E0,1.355118155E0
1.129319306E0,-3.433285236E0,7.948749542E0,4.173093796E0
1.130941037E0,-1.843535304E0,6.227318764E0,7.091625214E0
1.133321653E0,-2.178723514E-1,5.482721806E0,9.715670586E0
1.135061037E0,6.943184733E-1,5.786785603E0,1.168849277E1
1.137384845E0,6.823474765E-1,6.694188118E0,1.278024864E1
1.139093614E0,1.795651317E-1,7.563282967E0,1.290235329E1
1.141519383E0,4.788403399E-3,8.188169479E0,1.226549530E1
1.143203268E0,6.560112834E-1,8.384494781E0,1.094150162E1
1.146106572E0,2.152387381E0,8.106766701E0,8.822632790E0
1.147633729E0,4.747702122E0,7.704541206E0,4.304774761E0
1.150184456E0,5.252878666E0,7.852981567E0,2.655169725E0
1.151361729E0,5.284003258E0,8.817844391E0,-4.620809257E-1
1.154238729E0,3.897760391E0,1.049857426E1,-2.947262287E0
1.155437383E0,1.479616642E0,1.229422569E1,-4.616020679E0
1.158355072E0,-1.182735682E0,1.345780754E1,-5.396530628E0
1.159541037E0,-3.325546265E0,1.345062542E1,-5.216965675E0
1.162454806E0,-3.993528366E0,1.110909557E1,-3.483563423E0
1.163668999E0,-2.655169725E0,8.908824921E0,-1.513135433E0
1.166561725E0,-9.002198577E-1,7.060500622E0,7.613561153E-1
1.168623191E0,3.447650373E-1,6.124367714E0,2.904166698E0
1.170607610E0,5.434837937E-1,6.160281181E0,4.805162907E0
1.171792768E0,-2.920926213E-1,6.950367451E0,6.677428722E0
1.174675187E0,-1.709460020E0,7.924807549E0,8.595184326E0
1.175901153E0,-2.978386879E0,8.492233276E0,1.036689377E1
1.178777379E0,-3.560178041E0,8.607154846E0,1.178904915E1
1.179970537E0,-3.356670856E0,8.398859978E0,1.241154194E1
1.182693076E0,-2.542642117E0,8.097189903E0,1.189200020E1
1.184153422E0,-1.268926859E0,7.979874134E0,1.017056847E1
1.186983764E0,2.011129409E-1,8.147468567E0,7.644686222E0
1.188581768E0,1.513135433E0,8.738836288E0,5.049371243E0
1.190442845E0,2.458845139E0,9.548076630E0,2.839523315E0
1.192239653E0,2.932897091E0,1.024718285E1,1.173158884E0
1.194689191E0,2.846705914E0,1.068053341E1,-1.915361360E-2
1.196329999E0,2.202665567E0,1.079784966E1,-9.074024558E-1
1.198786499E0,1.295263171E0,1.077630138E1,-1.582567334E0
1.200512191E0,4.357447028E-1,1.071165848E1,-2.061407566E0
1.202856229E0,-2.825157940E-1,1.084573364E1,-2.008735180E0
1.204529345E0,-1.005564690E0,1.096065521E1,-1.288080573E0
1.207448341E0,-1.869871497E0,1.061110210E1,-2.154781483E-2
1.208752691E0,-2.691082716E0,9.636661530E0,1.637633920E0
1.211053345E0,-3.031059265E0,8.271966934E0,3.545812607E0
1.212846922E0,-2.102109194E0,6.742072105E0,6.823474884E0
1.215205729E0,-1.039083481E0,6.426037312E0,8.793902397E0
1.216880806E0,-2.561795712E-1,6.718130112E0,1.014902115E1
1.219345114E0,-6.464344263E-2,7.402871609E0,1.071884060E1
1.221007691E0,-1.843535304E-1,8.188169479E0,1.045308495E1
1.223425229E0,2.873042040E-2,8.870517731E0,9.485827446E0
1.225098845E0,8.595184088E-1,8.987833023E0,7.812280178E0
1.227992610E0,2.262520552E0,8.614337921E0,5.607220173E0
1.229623845E0,3.823540211E0,8.288725853E0,3.217807055E0
1.232072033E0,4.709394932E0,8.432378769E0,8.906430602E-1
1.233246845E0,4.168305397E0,9.344569206E0,-1.017535686E0
1.236140225E0,2.178723574E0,1.079784966E1,-2.319981337E0
1.237337652E0,-4.285621047E-1,1.221042824E1,-2.992752075E0
1.240243994E0,-2.583343744E0,1.281855583E1,-2.966415882E0
1.241437576E0,-3.442862034E0,1.215536213E1,-2.145204782E0
1.244347917E0,-2.669534922E0,1.039801788E1,-7.086837292E-1
1.245567499E0,-8.379706144E-1,8.279149055E0,1.067813993E0
1.248451340E0,8.283938169E-1,6.643909931E0,2.889801502E0
1.250213883E0,1.549048543E0,5.880159378E0,4.970362663E0
1.252488571E0,1.335964561E0,6.066906929E0,5.523423195E0
1.253671729E0,5.195417404E-1,6.888118267E0,6.603208065E0
1.256556379E0,-6.344634295E-1,7.864952564E0,7.690176010E0
1.257742806E0,-1.879448295E0,8.556877136E0,8.640673637E0
1.260652883E0,-2.801215887E0,8.999804497E0,9.313444138E0
1.261845383E0,-3.325546265E0,9.224859238E0,9.605537415E0
1.264562691E0,-3.617638826E0,9.246406555E0,9.193734169E0
1.266007806E0,-3.509899616E0,9.291896820E0,7.855375767E0
1.268863148E0,-1.843535304E0,9.555258751E0,4.604049683E0
1.270402191E0,1.532289088E-1,9.859322548E0,2.437297344E0
1.272338460E0,2.178723574E0,1.013465595E1,6.991068721E-1
1.274137652E0,3.543418407E0,1.027351952E1,-4.333505034E-1
1.276617460E0,3.907337189E0,1.025915432E1,-9.313444495E-1
1.278239768E0,3.469198227E0,1.016578007E1,-8.738836050E-1
1.280688306E0,2.631227732E0,1.010592556E1,-4.836287498E-1
1.282346422E0,1.568202138E0,1.011071396E1,-2.394201700E-3
1.284788460E0,2.753331959E-1,1.030703831E1,6.655880809E-1
1.286586999E0,-1.170764685E0,1.039322948E1,1.482010841E0
1.289344340E0,-2.559401512E0,9.938331604E0,2.501940727E0
1.290650883E0,-3.423708439E0,8.973467827E0,3.900154591E0
1.292842652E0,-3.373430252E0,7.639897823E0,5.679046631E0
1.294554537E0,-2.396595955E0,6.452373505E0,7.405265808E0
1.296967960E0,-9.528923035E-1,5.949591160E0,8.880094528E0
1.298660614E0,3.064578176E-1,6.198588371E0,9.720458984E0
1.301086999E0,6.751648784E-1,7.122750282E0,9.971850395E0
1.302775076E0,4.070143029E-2,8.207323074E0,9.617507935E0
1.305173576E0,-7.829039693E-1,9.107542992E0,8.722076416E0
1.306878537E0,-9.241618514E-1,9.572018623E0,7.362170219E0
1.309755571E0,-3.830722719E-2,9.416395187E0,5.406107426E0
1.311269999E0,2.698265314E0,8.918401718E0,1.776497602E0
1.313820609E0,3.555389643E0,8.927978516E0,5.674257874E-1
1.315041576E0,4.410119534E0,9.414001465E0,-1.489193439E0
1.317889109E0,3.790021181E0,1.042195988E1,-2.853888512E0
1.319095576E0,2.008735180E0,1.156878281E1,-3.430891037E0
1.321992071E0,-1.556231081E-1,1.233492756E1,-3.220201254E0
1.323188845E0,-2.329558372E0,1.173877048E1,-1.493981838E0
1.326094994E0,-2.264914751E0,9.983820915E0,1.077390760E-1
1.327309999E0,-1.278503656E0,7.872135162E0,1.862688899E0
1.330198379E0,-2.202665508E-1,6.370970726E0,3.655946016E0
1.331949575E0,2.849099934E-1,5.918466568E0,5.228936672E0
1.334238955E0,6.224924326E-2,6.330269337E0,6.411672115E0
1.335522806E0,-6.081272364E-1,7.105990410E0,7.213729858E0
1.338306802E0,-1.304839969E0,7.831433773E0,7.795520782E0
1.339508652E0,-1.874659896E0,8.350975990E0,8.384494781E0
1.342409571E0,-2.415749550E0,8.767566681E0,8.997409821E0
1.343610691E0,-3.031059265E0,9.124302864E0,9.208099365E0
1.346289460E0,-3.636792421E0,9.385271072E0,8.631096840E0
1.347760729E0,-3.778050184E0,9.648633003E0,7.223306656E0
1.350616071E0,-3.026270866E0,9.904812813E0,5.303156853E0
1.352464268E0,-1.395819545E0,1.011071396E1,3.394978046E0
1.354154806E0,6.991068721E-1,1.019211674E1,1.879448295E0
1.355882268E0,2.693476915E0,1.008916569E1,8.451532125E-1
1.358323575E0,4.007893562E0,9.876082420E0,3.232172430E-1
1.359961691E0,4.273650169E0,9.605537415E0,1.843535304E-1
1.362419037E0,3.622427225E0,9.466673851E0,2.561795712E-1
1.364082614E0,2.466027737E0,9.555258751E0,3.256114423E-1
1.366528268E0,1.134851575E0,1.000297451E1,4.501099288E-1
1.368641806E0,-3.160346150E-1,1.050815105E1,7.709329724E-1
1.371089802E0,-1.829170108E0,1.050336266E1,1.343147159E0
1.372515114E0,-3.028665066E0,9.797073364E0,2.317587137E0
1.374755268E0,-3.442862034E0,8.609549522E0,3.725377798E0
1.376575114E0,-2.300827742E0,6.758831501E0,6.174646378E0
1.378850383E0,-9.576807022E-1,6.162675381E0,7.599195957E0
1.380558999E0,5.267243832E-2,6.402095318E0,8.568847656E0
1.382895422E0,1.005564705E-1,7.431602001E0,9.114726067E0
1.384744729E0,-7.158663273E-1,8.580819130E0,9.076418877E0
1.387058575E0,-1.412579060E0,9.469067574E0,8.439560890E0
1.388740152E0,-1.252167463E0,9.768342972E0,7.287950039E0
1.391625301E0,4.788403399E-3,9.387664795E0,5.621585369E0
1.393146960E0,2.142810583E0,8.808267593E0,3.632004023E0
1.395701801E0,4.252102375E0,8.489839554E0,1.534683347E0
1.396934383E0,5.204994678E0,8.781931877E0,-2.992752194E-1
1.399770109E0,4.429273129E0,9.708487511E0,-1.575384736E0
1.401064614E0,2.365471363E0,1.094629002E1,-2.260126352E0
1.403873724E0,7.182605099E-3,1.193509579E1,-2.310404539E0
1.405063537E0,-1.716642618E0,1.209550667E1,-1.673547029E0
1.407976499E0,-2.224213362E0,1.112106705E1,-5.291185975E-1
1.409256575E0,-1.659181833E0,9.313444138E0,8.762778044E-1
1.412080224E0,-6.799532771E-1,7.508216381E0,2.454056740E0
1.413873691E0,2.729389966E-1,6.241683960E0,4.582501888E0
1.416124878E0,2.896983922E-1,6.258443356E0,5.133168221E0
1.417351306E0,-1.101332754E-1,6.694188118E0,5.963956356E0
1.420192917E0,-8.954314590E-1,7.422025204E0,6.701370716E0
1.421396268E0,-1.814804912E0,8.178592682E0,7.599195957E0
1.424294806E0,-2.693476915E0,8.868123055E0,8.609549522E0
1.425519537E0,-3.450044632E0,9.399636269E0,9.332598686E0
1.428231883E0,-4.019864559E0,9.605537415E0,9.308655739E0
1.429747229E0,-3.734954596E0,9.557653427E0,7.766790390E0
1.432501724E0,-2.276885748E0,9.536105156E0,6.028599739E0
1.434119729E0,-1.173158810E-1,9.605537415E0,4.146757126E0
1.436005845E0,2.011129379E0,9.667786598E0,2.418143749E0
1.437819345E0,3.548206806E0,9.739612579E0,1.079784989E0
1.440210460E0,4.213795185E0,9.873687744E0,3.016694188E-1
1.441860191E0,3.971980572E0,9.928754807E0,-4.548983276E-2
1.444254998E0,3.165134668E0,1.001733971E1,-1.580173075E-1
1.445914460E0,2.114080191E0,1.019211674E1,-2.226607651E-1
1.448290960E0,9.576807022E-1,1.040520096E1,-3.112462163E-1
1.450059768E0,-2.226607651E-1,1.062307262E1,-1.628057212E-1
1.452910378E0,-1.391031146E0,1.045308495E1,3.591302633E-1
1.454182306E0,-2.442085743E0,9.785101891E0,1.508347034E0
1.456494345E0,-3.100491285E0,8.662221909E0,3.184288263E0
1.458223229E0,-3.035847664E0,7.383718014E0,5.152322292E0
1.460710306E0,-2.252943754E0,6.552929878E0,7.182605267E0
1.462342191E0,-1.295263171E0,6.287173748E0,8.810662270E0
1.464732729E0,-7.230489254E-1,6.718130112E0,9.854534149E0
1.466470883E0,-8.164227605E-1,7.625532627E0,1.030464458E1
1.468951768E0,-1.302445769E0,8.444349289E0,1.008916569E1
1.470596268E0,-1.345541358E0,8.971074104E0,9.222464561E0
1.473460840E0,-4.596867263E-1,9.062053680E0,7.697358608E0
1.475076460E0,2.214636564E0,8.638279915E0,4.467580318E0
1.477540378E0,3.184288263E0,8.542511940E0,3.282450438E0
1.478687537E0,4.651933670E0,8.633491516E0,9.720458984E-1
1.481609032E0,4.910507679E0,9.241618156E0,-1.000776291E0
1.483051729E0,2.794033289E0,1.092474270E1,-2.901772499E0
1.485712532E0,6.871358752E-1,1.199734497E1,-3.414131641E0
1.486938498E0,-1.070208192E0,1.238520527E1,-3.201047659E0
1.489816878E0,-1.980004787E0,1.161666679E1,-2.288856745E0
1.491051268E0,-1.845929503E0,9.890447617E0,-8.786720037E-1
1.493920916E0,-1.110909581E0,8.099584579E0,9.648633003E-1
1.495622691E0,-5.434837937E-1,6.945579052E0,2.956839085E0
1.497961609E0,-5.123591423E-1,6.603208065E0,4.611232281E0
1.499163306E0,-9.097966552E-1,6.811503887E0,5.813121796E0
1.502030839E0,-1.407790542E0,7.244854450E0,6.797138691E0
1.503429729E0,-1.862688899E0,7.773972988E0,7.984662533E0
1.506126268E0,-2.308010340E0,8.212111473E0,9.294290543E0
1.507304691E0,-2.794033289E0,8.561665535E0,1.030703831E1
1.510008345E0,-3.284844637E0,8.813055992E0,1.055842972E1
1.511443922E0,-3.476380825E0,9.040505409E0,9.876082420E0
1.514342493E0,-2.997540474E0,9.308655739E0,8.370129585E0
1.515983037E0,-8.595184088E-1,9.500192642E0,5.248090267E0
1.517899460E0,1.029506698E-1,9.540893555E0,4.213795185E0
1.519608845E0,2.054224968E0,9.619902611E0,2.327163935E0
1.522069345E0,3.545812607E0,9.799467087E0,8.116343617E-1
1.523707345E0,4.163516521E0,1.004128170E1,-2.705447972E-1
1.526115383E0,3.864241600E0,1.021845245E1,-1.012747288E0
1.527800652E0,3.007117271E0,1.040041256E1,-1.395819545E0
1.530165075E0,1.939303398E0,1.057758331E1,-1.527500629E0
1.531932806E0,7.972691655E-1,1.072602367E1,-1.441309452E0
1.534812532E0,-1.094150186E0,1.076911926E1,-5.722141862E-1
1.536245421E0,-2.425326347E0,1.029027843E1,6.560112834E-1
1.538324460E0,-3.416525841E0,9.385271072E0,2.477998734E0
1.540005614E0,-3.720589399E0,8.152256966E0,4.632780075E0
1.542444614E0,-3.148375273E0,6.971915245E0,6.861782074E0
1.544132845E0,-2.013523579E0,6.363788128E0,8.789113998E0
1.546484191E0,-8.643068075E-1,6.349422932E0,9.993397713E0
1.548240421E0,-8.619125932E-2,6.856993675E0,1.058716011E1
1.550667383E0,5.746084079E-2,7.656657219E0,1.055842972E1
1.552480960E0,-1.173158810E-1,8.437167168E0,9.801861763E0
1.555231378E0,-2.394201607E-2,8.942343712E0,8.413225174E0
1.556760768E0,7.038952708E-1,8.894459724E0,6.560112476E0
1.559298878E0,2.059013367E0,8.676587105E0,4.359841347E0
1.560481614E0,3.517082214E0,8.784325600E0,2.020706177E0
1.563351383E0,4.230554581E0,9.267954826E0,-2.873041928E-1
1.564581345E0,3.727771997E0,1.018014526E1,-2.248155355E0
1.567472262E0,2.264914751E0,1.133654499E1,-3.490746021E0
1.568816306E0,5.434837937E-1,1.226310158E1,-3.926490784E0
1.571576339E0,-8.236053586E-1,1.236365795E1,-3.663128614E0
1.572870960E0,-1.493981838E0,1.145146656E1,-2.645592928E0
1.575680531E0,-1.446097851E0,9.758766174E0,-1.072602391E0
1.577409191E0,-9.720458984E-1,7.350199223E0,1.958456993E0
1.579723185E0,-9.504981041E-1,6.852205276E0,2.987963676E0
1.580948691E0,-1.165976286E0,6.469132900E0,4.817133904E0
1.583792916E0,-1.697489023E0,6.732495308E0,6.404489517E0
1.585090575E0,-2.269703150E0,7.225700855E0,7.752425194E0
1.587897224E0,-2.626439333E0,7.697358608E0,8.930372238E0
1.589096883E0,-2.719813108E0,8.042123795E0,9.904812813E0
1.591810883E0,-2.719813108E0,8.384494781E0,1.051054573E1
1.593228883E0,-2.738966703E0,8.729259491E0,9.964667320E0
1.596105224E0,-2.422932148E0,8.877699852E0,8.537723541E0
1.597810268E0,-1.613691926E0,9.131484985E0,6.564900875E0
1.599688921E0,-3.758896589E-1,9.481039047E0,4.417302132E0
1.601464614E0,1.010353088E0,9.866505623E0,2.509123325E0
1.603952114E0,2.212242365E0,1.016338634E1,1.027112484E0
1.605534268E0,2.985569477E0,1.041238308E1,1.149216816E-1
1.607920345E0,3.201047659E0,1.056321812E1,-3.615244627E-1
1.609592806E0,2.849100113E0,1.048899746E1,-5.530605912E-1
1.611941460E0,2.190694571E0,1.025197124E1,-5.650315881E-1
1.613709037E0,1.436521053E0,1.001255131E1,-4.261679053E-1
1.616592531E0,5.889736414E-1,1.003649330E1,9.337386489E-2
1.617913114E0,-5.770025849E-1,1.006761837E1,9.864110947E-1
1.620234652E0,-2.090138197E0,9.746794701E0,2.315192938E0
1.621913537E0,-3.430891037E0,9.059659004E0,4.050989151E0
1.624340729E0,-4.027047157E0,8.061277390E0,6.047753334E0
1.626026921E0,-3.586514235E0,7.041347027E0,7.884106159E0
1.628433114E0,-2.341529369E0,6.351817131E0,9.165003777E0
1.630113075E0,-8.667010069E-1,6.301538944E0,9.574412346E0
1.632573191E0,5.746084079E-2,7.050923824E0,9.332598686E0
1.634241575E0,2.753331959E-1,7.967903137E0,8.815450668E0
1.637130377E0,2.537853718E-1,8.750806808E0,7.934384346E0
1.638693845E0,6.153098345E-1,9.483432770E0,5.832275391E0
1.641207724E0,1.470039845E0,9.504981041E0,3.892971992E0
1.642362229E0,2.118868589E0,9.442731857E0,2.813186884E0
1.645276377E0,4.113238335E0,9.497797966E0,-2.896983922E-1
1.646488306E0,4.434061527E0,9.955090523E0,-1.975216389E0
1.649380070E0,3.517082214E0,1.057758331E1,-3.198653460E0
1.650785691E0,1.793257117E0,1.127668953E1,-3.763684988E0
1.653483454E0,-1.699883193E-1,1.191833591E1,-3.497928619E0
1.654751421E0,-1.759738207E0,1.196621990E1,-2.442085743E0
1.657587339E0,-2.475604534E0,1.080982113E1,-9.504981041E-1
1.659361691E0,-2.262520552E0,8.836998940E0,8.523358107E-1
1.661630114E0,-1.539471745E0,7.062894821E0,2.992752075E0
1.662786191E0,-8.667010069E-1,6.160281181E0,5.013458252E0
1.665701147E0,-6.631938815E-1,6.112396717E0,6.557718277E0
1.666912691E0,-9.433154464E-1,6.526593685E0,7.481880188E0
1.669805147E0,-1.470039845E0,7.189787865E0,8.250418663E0
1.671045498E0,-1.987187386E0,7.857769966E0,9.174580574E0
1.673690921E0,-2.336740971E0,8.422801971E0,1.009395409E1
1.675142691E0,-2.607285738E0,8.817844391E0,1.060391903E1
1.678012070E0,-2.882618904E0,8.947132111E0,1.018014526E1
1.679889191E0,-2.523488522E0,9.090784073E0,7.936778545E0
1.681476768E0,-2.059013367E0,9.165003777E0,6.876147270E0
1.683334729E0,-7.398083210E-1,9.418789864E0,4.613626480E0
1.685888037E0,7.374141216E-1,9.801861763E0,2.516305923E0
1.687359960E0,2.003946781E0,1.020648193E1,7.685387731E-1
1.689792191E0,2.774879694E0,1.062307262E1,-3.902548850E-1
1.691509921E0,2.887407303E0,1.080024433E1,-1.019929886E0
1.693846268E0,2.518700123E0,1.067813969E1,-1.273715258E0
1.695594998E0,1.994369984E0,1.043632507E1,-1.228225470E0
1.698479339E0,1.017535686E0,1.031900978E1,-6.105214357E-1
1.699854729E0,-2.394201607E-2,1.036689377E1,2.657563984E-1
1.702360344E0,-1.448492050E0,1.006522369E1,1.357512355E0
1.703931114E0,-2.815581083E0,9.303867340E0,2.674323320E0
1.706295075E0,-3.481169224E0,8.243236542E0,4.290409565E0
1.707913498E0,-3.038241863E0,7.216124058E0,6.133944988E0
1.710286498E0,-1.731007814E0,6.576871872E0,7.896077156E0
1.712014075E0,-2.968810201E-1,6.459556103E0,9.083600998E0
1.714487614E0,4.644751251E-1,7.012616634E0,9.653421402E0
1.716229306E0,2.681505978E-1,7.917624950E0,9.658209801E0
1.719031569E0,-3.040636182E-1,8.753201485E0,9.129091263E0
1.720742191E0,-4.477157295E-1,9.253589630E0,8.094796181E0
1.723112723E0,2.442085743E-1,9.143456459E0,6.409277916E0
1.724285537E0,1.769315004E0,8.762778282E0,4.201824188E0
1.727181146E0,3.517082214E0,8.652645111E0,1.879448295E0
1.728440344E0,4.460397720E0,9.050082207E0,-2.298433632E-1
1.731285223E0,3.895366192E0,9.945513725E0,-1.786074519E0
1.732660768E0,2.068590164E0,1.106121159E1,-2.640804529E0
1.735388608E0,-1.675941199E-1,1.193988419E1,-2.722207308E0
1.736740921E0,-1.915361404E0,1.204044056E1,-2.054224968E0
1.739491800E0,-2.516305923E0,1.103487587E1,-8.475474119E-1
1.741199114E0,-1.288080573E0,8.238448143E0,1.312022567E0
1.743531262E0,-7.062895298E-1,7.405265808E0,2.111685991E0
1.744720498E0,1.244984865E-1,6.399701118E0,3.720589399E0
1.747599762E0,2.777273953E-1,6.327875137E0,5.157110691E0
