"Time (s)","Gyroscope x (rad/s)","Gyroscope y (rad/s)","Gyroscope z (rad/s)"
5.906345000E-3,1.613875628E-1,4.740426689E-2,-8.362326026E-2
8.953499000E-3,1.613875628E-1,4.740426689E-2,-8.362326026E-2
1.021542300E-2,1.613875628E-1,4.740426689E-2,-8.362326026E-2
1.302130700E-2,1.613875628E-1,4.740426689E-2,-8.362326026E-2
1.428238400E-2,1.613875628E-1,4.740426689E-2,-8.362326026E-2
1.712461400E-2,1.613875628E-1,4.740426689E-2,-8.362326026E-2
1.842711500E-2,1.613875628E-1,4.740426689E-2,-8.362326026E-2
2.122811400E-2,1.613875628E-1,4.740426689E-2,-8.362326026E-2
2.291992300E-2,1.613875628E-1,4.740426689E-2,-8.362326026E-2
2.528773000E-2,1.613875628E-1,4.740426689E-2,-8.362326026E-2
2.650103800E-2,1.613875628E-1,4.740426689E-2,-8.362326026E-2
2.935611400E-2,1.613875628E-1,4.740426689E-2,-8.362326026E-2
3.058284600E-2,1.613875628E-1,4.740426689E-2,-8.362326026E-2
3.345919100E-2,1.613875628E-1,4.740426689E-2,-8.362326026E-2
3.469069200E-2,1.613875628E-1,4.740426689E-2,-8.362326026E-2
3.736526900E-2,1.613875628E-1,4.740426689E-2,-8.362326026E-2
3.879526900E-2,1.613875628E-1,4.740426689E-2,-8.362326026E-2
4.166542200E-2,1.645833552E-1,-5.219795927E-2,1.597896684E-3
4.327688400E-2,1.507349163E-1,-2.082591951E-1,-1.970739290E-2
4.511784600E-2,1.358212233E-1,-2.924150825E-1,-9.587380104E-3
4.693603800E-2,1.331580579E-1,-2.695119083E-1,1.225054078E-2
4.943346100E-2,1.304948926E-1,-1.358212233E-1,1.704423130E-2
5.105088400E-2,1.219727769E-1,6.711166352E-2,-2.130528912E-3
5.344507600E-2,8.415589482E-2,2.514024079E-1,-3.089267015E-2
5.512399900E-2,4.793690052E-3,3.302319944E-1,-5.273059011E-2
5.749711500E-2,-1.091896072E-1,2.934803665E-1,-6.657902896E-2
5.926149900E-2,-2.322276533E-1,1.363538504E-1,-7.243798673E-2
6.212861400E-2,-3.275688291E-1,-8.042746782E-2,-7.243798673E-2
6.348465300E-2,-3.526025414E-1,-3.483414650E-1,-7.190535218E-2
6.566869200E-2,-3.211772442E-1,-3.792341352E-1,-6.924218684E-2
6.736503800E-2,-2.146507949E-1,-3.382214606E-1,-5.592638254E-2
6.980576900E-2,1.544633508E-2,-5.486112088E-2,-5.858954508E-3
7.148511500E-2,1.533980817E-1,1.954760253E-1,2.663161233E-2
7.385680700E-2,2.407497615E-1,3.829625845E-1,4.101268202E-2
7.556673000E-2,2.748382390E-1,4.351605177E-1,1.864212751E-2
7.801449900E-2,2.551308274E-1,3.392867148E-1,-3.195793182E-2
7.976634600E-2,1.906823367E-1,1.272991002E-1,-8.362326026E-2
8.254057600E-2,1.091896072E-1,-1.203748807E-1,-1.123853996E-1
8.415365300E-2,3.781688958E-2,-3.051982522E-1,-1.017327532E-1
8.660796000E-2,-1.384843793E-2,-3.680488765E-1,-4.953479767E-2
8.780565300E-2,-4.154531285E-2,-2.828277051E-1,2.130528912E-2
9.067619100E-2,-5.486112088E-2,-8.894958347E-2,8.522115648E-2
9.190611500E-2,-7.137271762E-2,1.358212233E-1,1.230380461E-1
9.477999900E-2,-1.075917110E-1,2.721750736E-1,1.320927888E-1
9.600788400E-2,-1.518001854E-1,2.620550692E-1,1.059938148E-1
9.888342200E-2,-1.848233789E-1,1.288969964E-1,3.089267015E-2
1.001588460E-1,-1.880191714E-1,-3.462109342E-2,-7.137271762E-2
1.029871140E-1,-1.747033745E-1,-1.837581247E-1,-1.358212233E-1
1.047226920E-1,-1.272991002E-1,-2.034655064E-1,-1.027980223E-1
1.070276910E-1,-9.480853379E-2,-1.502022892E-1,-6.498113275E-2
1.082333840E-1,-3.195793368E-3,4.261057824E-3,2.822950855E-2
1.110962680E-1,1.043959185E-1,1.400822699E-1,1.129180342E-1
1.123259990E-1,1.949433982E-1,2.253034264E-1,1.571265012E-1
1.151762680E-1,2.386192381E-1,2.402171344E-1,1.368864775E-1
1.164054230E-1,2.359560728E-1,1.938781291E-1,5.805691332E-2
1.190771150E-1,2.002697140E-1,5.113269389E-2,-1.065264456E-2
1.205103070E-1,1.544633508E-1,-1.283643693E-1,-3.728425503E-2
1.233474220E-1,1.326254308E-1,-2.391518652E-1,-3.036003746E-2
1.249990380E-1,1.528654546E-1,-2.860234976E-1,4.633900523E-2
1.267968840E-1,1.661812514E-1,-2.375539690E-1,7.030745596E-2
1.286246150E-1,1.800296903E-1,-5.912217870E-2,8.202536404E-2
1.311071150E-1,1.336906850E-1,2.519350350E-1,2.822950855E-2
1.327714990E-1,4.474110901E-2,3.467435837E-1,-2.450108156E-2
1.351762300E-1,-9.214537591E-2,3.222424984E-1,-7.563377917E-2
1.368510760E-1,-2.535329461E-1,1.848233789E-1,-1.012001261E-1
1.391977300E-1,-3.994741738E-1,-3.249056637E-2,-1.022653878E-1
1.409518460E-1,-4.852279723E-1,-2.391518652E-1,-9.374327213E-2
1.438052290E-1,-4.751079381E-1,-3.446130455E-1,-9.054747969E-2
1.450983460E-1,-3.627225459E-1,-3.435477912E-1,-6.870955974E-2
1.474335760E-1,-1.837581247E-1,-2.178465873E-1,-2.982740477E-2
1.491454610E-1,1.597896591E-2,-1.597896684E-3,2.183792181E-2
1.515788840E-1,1.810949594E-1,2.189118415E-1,7.723167539E-2
1.532524990E-1,2.732403278E-1,3.856257200E-1,1.017327532E-1
1.556302690E-1,2.908172011E-1,4.170510471E-1,7.030745596E-2
1.574098460E-1,2.545982003E-1,3.062635362E-1,-1.278317347E-2
1.597783070E-1,2.018676102E-1,7.456851006E-2,-1.065264493E-1
1.615080760E-1,1.512675583E-1,-1.858886480E-1,-1.635181010E-1
1.643409600E-1,1.139832959E-1,-3.627225459E-1,-1.507349163E-1
1.659034610E-1,8.681905270E-2,-3.179814517E-1,-1.757686399E-2
1.684171520E-1,7.882957160E-2,-2.242381722E-1,4.261057824E-2
1.696012690E-1,6.072007492E-2,4.261057824E-3,1.491370201E-1
1.724851910E-1,3.036003746E-2,2.002697140E-1,2.071939409E-1
1.737103840E-1,-2.450108156E-2,2.753708661E-1,1.912149638E-1
1.765879210E-1,-8.202536404E-2,1.986718178E-1,1.129180342E-1
1.778061920E-1,-1.709749401E-1,-6.977482140E-2,-7.190535218E-2
1.806902680E-1,-2.125202566E-1,-2.093244642E-1,-1.661812514E-1
1.819529990E-1,-2.231729031E-1,-2.354234457E-1,-1.896170676E-1
1.847926520E-1,-1.912149638E-1,-1.603222936E-1,-1.310275346E-1
1.865993460E-1,-1.134506613E-1,-5.858954508E-3,-2.822950855E-2
1.888378440E-1,-1.278317347E-2,1.624528319E-1,7.190535218E-2
1.900384220E-1,7.084008306E-2,2.647182047E-1,1.358212233E-1
1.929059600E-1,1.139832959E-1,2.673813701E-1,1.326254308E-1
1.941336530E-1,1.086569726E-1,1.816275865E-1,7.190535218E-2
1.970092290E-1,8.202536404E-2,1.704423130E-2,-6.391586736E-3
1.982300380E-1,5.486112088E-2,-1.922802329E-1,-5.539375171E-2
2.009975760E-1,5.592638254E-2,-3.222424984E-1,-6.178534031E-2
2.023728070E-1,8.628641814E-2,-3.483414650E-1,-2.343581803E-2
2.052154210E-1,1.432780623E-1,-2.551308274E-1,3.621899337E-2
2.068412690E-1,1.976065636E-1,-4.740426689E-2,7.084008306E-2
2.087019610E-1,2.221076339E-1,1.890844405E-1,5.752427876E-2
2.105066920E-1,1.986718178E-1,3.472762108E-1,1.438106969E-2
2.130858070E-1,1.214401498E-1,3.579288721E-1,-3.941478580E-2
2.146396150E-1,-5.326322280E-3,2.471413612E-1,-8.362326026E-2
2.170206920E-1,-1.533980817E-1,5.432848632E-2,-1.059938148E-1
2.187529990E-1,-2.828277051E-1,-1.773665249E-1,-9.640643001E-2
2.210840380E-1,-3.403519988E-1,-3.552657068E-1,-7.669904083E-2
2.228345760E-1,-3.014698327E-1,-3.984089196E-1,-6.018744037E-2
2.256800750E-1,-1.763012707E-1,-3.083940744E-1,-3.941478580E-2
2.269696920E-1,-2.290318534E-2,-1.081243455E-1,3.728425596E-3
2.293110760E-1,1.523328125E-1,2.535329461E-1,6.817692518E-2
2.310793070E-1,2.039981484E-1,4.149205089E-1,7.190535218E-2
2.334686920E-1,1.997370869E-1,4.234426320E-1,2.716424316E-2
2.351671530E-1,1.475391239E-1,2.732403278E-1,-4.953479767E-2
2.375237690E-1,7.563377917E-2,3.781688958E-2,-1.294296384E-1
2.392584990E-1,6.391586736E-3,-2.071939409E-1,-1.629854590E-1
2.416801530E-1,-3.728425503E-2,-3.552657068E-1,-1.379517466E-1
2.433645380E-1,-5.539375171E-2,-3.552657068E-1,-5.326322466E-2
2.462248440E-1,-5.166532472E-2,-2.183792144E-1,5.326322466E-2
2.478438450E-1,-4.740426689E-2,-5.326322280E-3,1.422128081E-1
2.503026520E-1,-5.379585549E-2,1.944107562E-1,1.773665249E-1
2.514963070E-1,-8.415589482E-2,2.764361203E-1,1.528654546E-1
2.543704600E-1,-1.257012039E-1,2.029328793E-1,8.255799860E-2
2.556179220E-1,-1.560612470E-1,5.006742850E-2,-2.663161233E-2
2.584731520E-1,-1.587243974E-1,-1.102548689E-1,-1.331580579E-1
2.597294610E-1,-1.331580579E-1,-2.189118415E-1,-1.789644361E-1
2.625756130E-1,-8.096009493E-2,-2.237055302E-1,-1.400822699E-1
2.638190380E-1,1.065264456E-3,-9.693906456E-2,-4.846953228E-2
2.666794980E-1,1.001348570E-1,8.468852192E-2,5.486112088E-2
2.684707300E-1,2.194444835E-1,2.759034932E-1,1.565938741E-1
2.707168060E-1,2.359560728E-1,2.940129936E-1,1.592570394E-1
2.719117300E-1,2.263686955E-1,2.716424465E-1,1.107875034E-1
2.747847290E-1,1.773665249E-1,1.363538504E-1,3.249056637E-2
2.760009220E-1,1.091896072E-1,-8.415589482E-2,-2.876213938E-2
2.788883440E-1,5.965480953E-2,-2.604571581E-1,-5.752427876E-2
2.800984610E-1,4.580637068E-2,-3.435477912E-1,-4.207794741E-2
2.828509220E-1,5.805691332E-2,-3.147856593E-1,1.331580617E-2
2.844323840E-1,9.800432622E-2,-3.994741663E-2,7.137271762E-2
2.870948060E-1,1.012001261E-1,2.055960447E-1,5.699164793E-2
2.887505760E-1,6.125270575E-2,3.643204570E-1,1.651159860E-2
2.905705760E-1,-2.396845073E-2,3.776362538E-1,-3.462109342E-2
2.925470760E-1,-1.464738697E-1,2.620550692E-1,-8.096009493E-2
2.948433070E-1,-2.790992856E-1,4.687163606E-2,-1.022653878E-1
2.964902690E-1,-3.701793849E-1,-1.986718178E-1,-9.693906456E-2
2.989929990E-1,-3.712446690E-1,-3.643204570E-1,-8.841694891E-2
3.007366150E-1,-2.732403278E-1,-4.016047120E-1,-6.977482140E-2
3.029675380E-1,-1.081243455E-1,-2.849582434E-1,-3.302319720E-2
3.047933450E-1,7.190535218E-2,-6.231797114E-2,2.716424316E-2
3.075573060E-1,2.199771106E-1,2.045307755E-1,8.681905270E-2
3.088877690E-1,3.131877482E-1,3.978762627E-1,1.118527651E-1
3.110986920E-1,3.312972486E-1,4.559331834E-1,8.309062570E-2
3.128285760E-1,2.876214087E-1,3.557983339E-1,5.326322280E-4
3.152774990E-1,2.013349831E-1,1.331580579E-1,-1.006674916E-1
3.169851150E-1,9.960222989E-2,-1.246359423E-1,-1.704423130E-1
3.193277300E-1,1.331580617E-2,-3.153182864E-1,-1.778991669E-1
3.211517300E-1,-4.314320907E-2,-3.552657068E-1,-1.171790883E-1
3.234287690E-1,-7.137271762E-2,-2.530003190E-1,-6.391586736E-3
3.251715380E-1,-8.681905270E-2,-5.166532472E-2,1.070590764E-1
3.279728440E-1,-1.081243455E-1,1.587243974E-1,1.816275865E-1
3.295447300E-1,-1.645833552E-1,2.753708661E-1,1.667138934E-1
3.320401520E-1,-1.885518134E-1,2.343581766E-1,1.326254308E-1
3.335340760E-1,-2.311623842E-1,8.255799860E-2,2.130528912E-2
3.361095360E-1,-2.439455539E-1,-9.587380290E-2,-1.038632840E-1
3.373828070E-1,-2.263686955E-1,-2.284992188E-1,-1.800296903E-1
3.402128820E-1,-1.688444167E-1,-2.551308274E-1,-1.741707325E-1
3.414452300E-1,1.597896684E-3,-8.149272949E-2,-3.462109342E-2
3.443164210E-1,1.454086006E-1,1.161138266E-1,6.817692518E-2
3.455764220E-1,2.641855776E-1,2.775014043E-1,1.411475390E-1
3.484196130E-1,3.217098713E-1,3.275688291E-1,1.651159972E-1
3.504213070E-1,3.105245829E-1,2.700445354E-1,1.251685768E-1
3.524622670E-1,2.514024079E-1,9.853696078E-2,4.846953228E-2
3.537085760E-1,1.794970632E-1,-1.326254308E-1,-2.556634694E-2
3.565304590E-1,1.182443574E-1,-3.147856593E-1,-6.391586363E-2
3.577988450E-1,8.202536404E-2,-3.834952116E-1,-6.018744037E-2
3.606336900E-1,7.510114461E-2,-3.041329980E-1,-2.130528912E-2
3.619074610E-1,8.522115648E-2,-9.747169912E-2,1.704423130E-2
3.647132300E-1,8.202536404E-2,1.640507281E-1,3.142530099E-2
3.660998840E-1,4.953479767E-2,3.589941263E-1,2.609897964E-2
3.688426130E-1,-3.142530099E-2,4.016047120E-1,5.326322280E-4
3.706197680E-1,-1.491370201E-1,2.982740402E-1,-3.675162420E-2
3.725374990E-1,-2.838929892E-1,7.350324839E-2,-7.510114461E-2
3.741522680E-1,-3.856257200E-1,-1.922802329E-1,-1.012001261E-1
3.765953070E-1,-4.058657587E-1,-4.000068009E-1,-1.209075153E-1
3.782219610E-1,-3.179814517E-1,-4.575310946E-1,-1.219727769E-1
3.806588070E-1,-1.539307088E-1,-3.419498801E-1,-8.735168725E-2
3.823793450E-1,3.408846259E-2,-1.065264493E-1,-1.118527725E-2
3.847503450E-1,2.055960447E-1,1.874865443E-1,7.563377917E-2
3.864809990E-1,3.233077526E-1,4.063983858E-1,1.294296384E-1
3.893212280E-1,3.744404614E-1,4.772384763E-1,1.171790883E-1
3.906161530E-1,3.078614175E-1,2.647182047E-1,-1.970739290E-2
3.929321530E-1,2.018676102E-1,-3.728425596E-3,-1.294296384E-1
3.947806150E-1,8.096009493E-2,-2.540655732E-1,-1.928128600E-1
3.971086530E-1,-1.597896591E-2,-3.733751774E-1,-1.885518134E-1
3.987992300E-1,-8.042746782E-2,-3.446130455E-1,-1.129180342E-1
4.012119220E-1,-1.118527651E-1,-1.768338978E-1,3.195793368E-3
4.030178840E-1,-1.246359423E-1,4.154531285E-2,1.182443574E-1
4.052975380E-1,-1.443433315E-1,2.322276533E-1,1.789644361E-1
4.070353070E-1,-1.800296903E-1,2.822950780E-1,1.773665249E-1
4.098597670E-1,-2.253034264E-1,1.848233789E-1,1.033306494E-1
4.114596920E-1,-2.551308274E-1,7.456851192E-3,-1.970739290E-2
4.139341900E-1,-2.561961114E-1,-1.885518134E-1,-1.310275346E-1
4.151451150E-1,-2.162486911E-1,-2.966761589E-1,-1.842907518E-1
4.180028050E-1,-1.299622655E-1,-2.673813701E-1,-1.544633508E-1
4.195089220E-1,-3.195793368E-3,-1.139832959E-1,-6.285060197E-2
4.221055360E-1,1.528654546E-1,1.065264493E-1,4.633900523E-2
4.233609610E-1,2.870887816E-1,2.881540358E-1,1.326254308E-1
4.262090740E-1,3.616572917E-1,3.664509654E-1,1.688444167E-1
4.274664610E-1,3.584614992E-1,3.067961633E-1,1.443433315E-1
4.303126900E-1,3.046656251E-1,1.155811921E-1,7.829693705E-2
4.322742300E-1,1.651159972E-1,-2.274339646E-1,-2.716424316E-2
4.343567670E-1,1.214401498E-1,-3.169161677E-1,-4.793690145E-2
4.356350760E-1,4.793690145E-2,-3.872236311E-1,-6.285060197E-2
4.384256130E-1,1.544633508E-2,-3.110572100E-1,-4.367584363E-2
4.396292680E-1,5.858954508E-3,-1.081243455E-1,-1.544633508E-2
4.425299970E-1,3.195793368E-3,1.480717659E-1,5.326322280E-3
4.437334990E-1,-2.290318534E-2,3.531351686E-1,1.544633508E-2
4.464338450E-1,-1.374191195E-1,3.840278387E-1,4.261057824E-3
4.480213070E-1,-2.423476577E-1,2.178465873E-1,-2.503371425E-2
4.507169970E-1,-3.344930410E-1,-5.113269389E-2,-6.018744037E-2
4.525258840E-1,-3.653857112E-1,-3.105245829E-1,-9.640643001E-2
4.541610380E-1,-3.083940744E-1,-4.575310946E-1,-1.182443574E-1
4.559407680E-1,-1.763012707E-1,-4.250405133E-1,-1.022653878E-1
4.584181150E-1,1.597896684E-3,-2.263686955E-1,-4.527373984E-2
4.600395380E-1,1.789644361E-1,6.924218684E-2,3.781688958E-2
4.624625380E-1,3.217098713E-1,3.403519988E-1,1.102548689E-1
4.641701150E-1,4.000068009E-1,4.884237647E-1,1.299622655E-1
4.666424990E-1,4.063983858E-1,4.484763443E-1,8.575379103E-2
4.682770760E-1,3.323625028E-1,2.604571581E-1,-5.858954508E-3
4.711600360E-1,2.008023560E-1,-1.278317347E-2,-1.006674916E-1
4.724335760E-1,5.592638254E-2,-2.551308274E-1,-1.581917703E-1
4.747588450E-1,-6.764429063E-2,-3.829625845E-1,-1.608549356E-1
4.764919610E-1,-1.432780623E-1,-3.542004228E-1,-1.043959185E-1
4.788956530E-1,-1.747033745E-1,-2.008023560E-1,-1.171790902E-2
4.806853070E-1,-1.837581247E-1,3.408846259E-2,8.042746782E-2
4.829890760E-1,-1.981391907E-1,2.375539690E-1,1.416801661E-1
4.847119220E-1,-2.290318608E-1,3.163835406E-1,1.523328125E-1
4.871278840E-1,-2.668487430E-1,2.316950262E-1,1.027980223E-1
4.888606910E-1,-2.849582434E-1,6.072007492E-2,-7.456851192E-3
4.917114200E-1,-2.732403278E-1,-1.518001854E-1,-1.134506613E-1
4.933360760E-1,-1.853560209E-1,-3.222424984E-1,-1.619201899E-1
4.957924200E-1,-1.310275346E-1,-3.083940744E-1,-1.395496428E-1
4.970325380E-1,1.065264456E-2,-1.805623323E-1,-5.486112088E-2
4.998610360E-1,2.695119083E-1,1.379517466E-1,9.161274135E-2
5.013001150E-1,3.994741738E-1,2.961435318E-1,1.581917703E-1
5.039639200E-1,4.564658105E-1,3.781688809E-1,1.565938741E-1
5.051810380E-1,4.277036786E-1,3.014698327E-1,1.145159304E-1
5.080403430E-1,3.302319944E-1,1.006674916E-1,5.273059011E-2
5.092700380E-1,2.034655064E-1,-1.315601617E-1,-1.171790902E-2
5.121083430E-1,8.575379103E-2,-3.211772442E-1,-4.687163606E-2
5.138581150E-1,4.261057824E-3,-4.048005044E-1,-5.113269389E-2
5.161471890E-1,-3.355583176E-2,-3.334277868E-1,-3.781688958E-2
5.174168070E-1,-4.207794741E-2,-1.134506613E-1,-3.089267015E-2
5.202159970E-1,-4.740426689E-2,1.661812514E-1,-1.864212751E-2
5.214962300E-1,-9.321063757E-2,3.728425503E-1,-1.065264456E-3
5.243194200E-1,-1.720402092E-1,4.436826408E-1,6.924218964E-3
5.255336530E-1,-2.775014043E-1,3.371562064E-1,1.065264456E-3
5.282331150E-1,-3.760383427E-1,7.243798673E-2,-2.716424316E-2
5.297187680E-1,-4.202468395E-1,-2.231729031E-1,-7.669904083E-2
5.325262660E-1,-3.776362538E-1,-4.452805519E-1,-1.246359423E-1
5.343079610E-1,-2.439455539E-1,-4.900216460E-1,-1.368864775E-1
5.363275760E-1,-4.633900523E-2,-3.542004228E-1,-9.001484513E-2
5.378779220E-1,1.715075821E-1,-6.977482140E-2,2.130528912E-3
5.402885760E-1,3.563309610E-1,2.503371537E-1,1.049285457E-1
5.419158840E-1,4.809668958E-1,4.735100567E-1,1.709749401E-1
5.443340760E-1,5.075985193E-1,5.273059011E-1,1.592570394E-1
5.459934610E-1,4.362258017E-1,4.000068009E-1,6.391586363E-2
5.484670380E-1,2.940129936E-1,1.278317273E-1,-5.805691332E-2
5.501813070E-1,1.155811921E-1,-1.778991669E-1,-1.635181010E-1
5.529934970E-1,-4.740426689E-2,-3.749730885E-1,-2.151834220E-1
5.544131910E-1,-2.114549875E-1,-3.797667921E-1,-1.352885813E-1
5.565209610E-1,-2.380866110E-1,-2.993393242E-1,-7.669904083E-2
5.582118840E-1,-2.561961114E-1,-6.498113275E-2,5.273059011E-2
5.606292300E-1,-2.460760921E-1,2.583266199E-1,1.922802329E-1
5.623088840E-1,-2.380866110E-1,3.025351167E-1,2.029328793E-1
5.647503840E-1,-2.348908186E-1,2.157160491E-1,1.225054115E-1
5.664843450E-1,-2.247707993E-1,5.858954508E-3,3.195793368E-3
5.688704220E-1,-2.039981484E-1,-2.013349831E-1,-1.027980223E-1
5.705750760E-1,-1.603222936E-1,-3.174487948E-1,-1.571265012E-1
5.733994580E-1,-6.338323653E-2,-2.812298238E-1,-1.480717659E-1
5.749374220E-1,7.723167539E-2,-9.800432622E-2,-8.628641814E-2
5.774651510E-1,2.322276533E-1,1.278317273E-1,1.331580617E-2
5.787243450E-1,3.579288721E-1,3.201119602E-1,1.075917110E-1
5.815322660E-1,4.303668439E-1,3.973436356E-1,1.656486243E-1
5.828423450E-1,4.335626364E-1,2.998719513E-1,1.752360016E-1
5.856339200E-1,3.653857112E-1,9.800432622E-2,1.336906850E-1
5.869500380E-1,2.359560728E-1,-1.533980817E-1,6.657902896E-2
5.897357660E-1,8.681905270E-2,-3.312972486E-1,-9.054748341E-3
5.909779220E-1,-4.420847446E-2,-3.824299276E-1,-7.350324839E-2
5.938377280E-1,-1.235706806E-1,-2.876214087E-1,-1.166464612E-1
5.956131910E-1,-1.661812514E-1,6.072007492E-2,-1.187769845E-1
5.978778040E-1,-1.752360016E-1,1.794970632E-1,-9.534116834E-2
5.991305760E-1,-1.944107562E-1,3.632551730E-1,-3.728425503E-2
6.019453810E-1,-2.226402760E-1,4.106594622E-1,1.970739290E-2
6.031756530E-1,-2.583266199E-1,2.753708661E-1,5.060006306E-2
6.060478040E-1,-2.790992856E-1,2.343581803E-2,3.195793182E-2
6.072792300E-1,-2.551308274E-1,-2.700445354E-1,-2.237055451E-2
6.100028840E-1,-1.704423130E-1,-4.633900523E-1,-8.202536404E-2
6.113978070E-1,-4.367584363E-2,-4.719121456E-1,-1.049285457E-1
6.142528810E-1,1.853560209E-1,-1.475391239E-1,-3.036003746E-2
6.162086910E-1,3.334277868E-1,1.677791476E-1,5.486112088E-2
6.178604610E-1,4.522047639E-1,4.154531360E-1,1.145159304E-1
6.196650760E-1,5.129248500E-1,4.910869002E-1,1.091896072E-1
6.220257680E-1,4.836300611E-1,4.042678475E-1,4.687163606E-2
6.236439990E-1,3.462109566E-1,1.874865443E-1,-3.728425503E-2
6.260900380E-1,1.352885813E-1,-5.166532472E-2,-1.097222418E-1
6.277731140E-1,-9.693906456E-2,-2.375539690E-1,-1.512675583E-1
6.301026140E-1,-2.865561247E-1,-3.339604139E-1,-1.464738697E-1
6.318839990E-1,-4.000068009E-1,-3.190467060E-1,-9.800432622E-2
6.347106500E-1,-4.426173866E-1,-1.933455020E-1,-2.450108156E-2
6.361989610E-1,-4.367584288E-1,-7.456851192E-3,5.645901710E-2
6.383600380E-1,-4.069310129E-1,1.502022892E-1,1.166464612E-1
6.401079990E-1,-3.568635881E-1,2.364887148E-1,1.278317273E-1
6.425306140E-1,-2.924150825E-1,1.832254827E-1,9.267801046E-2
6.441813450E-1,-2.098570913E-1,3.994741663E-2,2.663161233E-2
6.465787300E-1,-1.102548689E-1,-1.347559541E-1,-4.474110901E-2
6.482816910E-1,1.438106969E-2,-2.428802997E-1,-9.427590668E-2
6.510069990E-1,1.597896665E-1,-2.103897333E-1,-1.081243455E-1
6.527913450E-1,3.020024598E-1,-6.444849819E-2,-6.817692518E-2
6.552441500E-1,4.175836742E-1,1.214401498E-1,1.970739290E-2
6.568042300E-1,5.336974859E-1,2.940129936E-1,1.470064968E-1
6.593196120E-1,5.539374948E-1,2.892192900E-1,1.699096859E-1
6.605042680E-1,5.352953672E-1,1.981391907E-1,1.826928556E-1
6.633868040E-1,4.351605177E-1,2.822950855E-2,1.555286050E-1
6.646477680E-1,2.551308274E-1,-1.384843737E-1,9.054747969E-2
6.674890730E-1,-4.687163606E-2,-2.423476577E-1,-5.539375171E-2
6.687809990E-1,-2.055960447E-1,-1.976065636E-1,-1.379517466E-1
6.715916120E-1,-3.504720032E-1,-5.858954508E-3,-1.810949594E-1
6.728806140E-1,-5.012069345E-1,2.274339646E-1,-1.283643693E-1
6.756944200E-1,-5.912217498E-1,3.344930410E-1,-2.822950855E-2
6.775017680E-1,-5.805691481E-1,3.174487948E-1,1.970739290E-2
6.797396500E-1,-5.496764779E-1,1.454086006E-1,2.929477207E-2
6.809251140E-1,-5.352953672E-1,-1.230380461E-1,2.716424316E-2
6.838074200E-1,-4.974785149E-1,-3.137203753E-1,-1.012001187E-2
6.850613450E-1,-3.914846778E-1,-3.696467578E-1,-6.817692518E-2
6.879099190E-1,-2.247707993E-1,-3.270362020E-1,-8.735168725E-2
6.891298840E-1,-1.331580617E-2,-1.635181010E-1,-5.326322466E-2
6.918570370E-1,2.263686955E-1,5.699164793E-2,-7.989482954E-3
6.932708840E-1,4.479437172E-1,2.759034932E-1,3.781688958E-2
6.961154960E-1,5.954828262E-1,4.090615511E-1,7.297061384E-2
6.978083840E-1,6.263754964E-1,4.218447208E-1,7.882957160E-2
6.996818450E-1,5.422195792E-1,3.126551211E-1,4.900216311E-2
7.015739610E-1,3.856257200E-1,9.427590668E-2,-7.456851192E-3
7.039716910E-1,1.981391907E-1,-1.613875628E-1,-6.764429063E-2
7.055136530E-1,1.651159860E-2,-3.472762108E-1,-1.102548689E-1
7.079343070E-1,-1.411475390E-1,-4.037352204E-1,-1.129180342E-1
7.096048070E-1,-2.482066154E-1,-2.934803665E-1,-7.829693705E-2
7.120653840E-1,-3.046656251E-1,-7.882957160E-2,-2.077265643E-2
7.137578840E-1,-3.067961633E-1,1.129180342E-1,4.846953228E-2
7.165767660E-1,-2.599245310E-1,2.215750068E-1,9.001484513E-2
7.179124990E-1,-1.603222936E-1,1.912149638E-1,7.350324839E-2
7.204391530E-1,-1.177117229E-1,6.338323653E-2,4.367584363E-2
7.219428070E-1,-8.681905270E-2,-9.214537591E-2,1.331580617E-2
7.245152680E-1,-3.089267015E-2,-2.103897333E-1,-2.077265643E-2
7.260546140E-1,8.096009493E-2,-2.269013226E-1,-5.113269389E-2
7.284599610E-1,2.130528986E-1,-1.715075821E-1,-4.580637068E-2
7.301525760E-1,3.398193717E-1,-4.953479767E-2,4.793690052E-3
7.326319610E-1,4.474110603E-1,1.251685768E-1,6.231797114E-2
7.343635760E-1,5.171858668E-1,2.215750068E-1,1.251685768E-1
7.371186500E-1,5.209143162E-1,2.364887148E-1,1.677791476E-1
7.388118840E-1,4.468784332E-1,1.512675583E-1,1.752360016E-1
7.411957270E-1,3.073287904E-1,-4.261057824E-3,1.374191195E-1
7.424069220E-1,1.454086006E-1,-1.523328125E-1,3.834952042E-2
7.452634190E-1,-2.024002373E-2,-2.444781959E-1,-7.403588295E-2
7.465030370E-1,-1.677791476E-1,-2.077265680E-1,-1.709749401E-1
7.493659960E-1,-2.812298238E-1,-7.403588295E-2,-2.039981484E-1
7.505902680E-1,-3.414172530E-1,7.829693705E-2,-1.603222936E-1
7.534694580E-1,-3.712446690E-1,2.258360684E-1,-7.297061384E-2
7.547415760E-1,-3.739078343E-1,2.567287385E-1,3.568635881E-2
7.575722270E-1,-3.584614992E-1,1.565938741E-1,1.113201380E-1
7.593551530E-1,-2.609897852E-1,-1.022653878E-1,7.563377917E-2
7.616105350E-1,-2.082591951E-1,-1.986718178E-1,3.834952042E-2
7.627934990E-1,-8.362326026E-2,-3.238403797E-1,-4.740426689E-2
7.656786500E-1,5.486112088E-2,-3.291667104E-1,-9.587380290E-2
7.669583450E-1,1.949433982E-1,-1.773665249E-1,-9.108011425E-2
7.697821110E-1,3.217098713E-1,6.338323653E-2,-3.621899337E-2
7.710033840E-1,4.207794666E-1,2.828277051E-1,3.302319720E-2
7.736976910E-1,4.841626883E-1,4.138552547E-1,6.924218684E-2
7.751541910E-1,4.372910559E-1,3.227751255E-1,3.728425503E-2
7.779884580E-1,3.030677438E-1,1.225054115E-1,-7.456851192E-3
7.796801530E-1,9.108011425E-2,-7.563377917E-2,-5.379585549E-2
7.814874220E-1,-1.470064968E-1,-2.141181529E-1,-8.628641814E-2
7.833159220E-1,-3.536677957E-1,-2.966761589E-1,-8.628641814E-2
7.859312300E-1,-4.868258536E-1,-2.833603323E-1,-6.498113275E-2
7.874866530E-1,-5.294364095E-1,-1.837581247E-1,-3.408846259E-2
7.897979220E-1,-5.049353242E-1,-6.018744037E-2,1.225054078E-2
7.914178070E-1,-4.261057973E-1,7.190535218E-2,5.273059011E-2
7.938288070E-1,-3.174487948E-1,1.624528319E-1,7.243798673E-2
7.955881140E-1,-1.986718178E-1,1.549959779E-1,7.669904083E-2
7.983821500E-1,-8.096009493E-2,7.403588295E-2,5.539375171E-2
7.997934990E-1,4.261057824E-2,-3.834952042E-2,1.544633508E-2
8.020728070E-1,1.645833552E-1,-1.134506613E-1,-3.142530099E-2
8.036169600E-1,2.716424465E-1,-1.161138266E-1,-5.219795927E-2
8.060900760E-1,3.504720032E-1,-4.154531285E-2,-3.249056637E-2
8.077351530E-1,4.175836742E-1,6.125270575E-2,1.917476021E-2
8.101301530E-1,4.788363874E-1,1.123853996E-1,8.149272949E-2
8.118569600E-1,5.294364095E-1,1.113201380E-1,1.241033077E-1
8.142457300E-1,5.278385282E-1,6.338323653E-2,1.448759735E-1
8.159602300E-1,4.314320982E-1,-9.587380104E-3,1.464738697E-1
8.187978420E-1,2.530003190E-1,-3.888215125E-2,1.091896072E-1
8.204282680E-1,-6.498113275E-2,-3.728425503E-2,-2.503371425E-2
8.228652270E-1,-1.629854590E-1,-4.687163606E-2,-7.403588295E-2
8.240422300E-1,-3.089267015E-1,-6.285060197E-2,-1.571265012E-1
8.269347270E-1,-4.016047120E-1,-5.592638254E-2,-2.024002522E-1
8.281700370E-1,-4.554005563E-1,9.587380104E-3,-1.880191714E-1
8.310388800E-1,-4.830974340E-1,5.965480953E-2,-9.747169912E-2
8.322989220E-1,-4.378236830E-1,5.858954415E-2,5.592638254E-2
8.351430340E-1,-3.174487948E-1,-1.065264456E-2,9.587380290E-2
8.364897680E-1,-1.539307088E-1,-1.416801661E-1,8.415589482E-2
8.392471110E-1,1.704423130E-2,-2.205097377E-1,2.876213938E-2
8.409656530E-1,1.587243974E-1,-1.960086524E-1,-3.355583176E-2
8.432889190E-1,2.545982003E-1,-5.432848632E-2,-7.190535218E-2
8.444861530E-1,3.153182864E-1,1.209075153E-1,-7.456851006E-2
8.473568420E-1,3.680488765E-1,2.476739883E-1,-6.018744037E-2
8.485781530E-1,4.197141826E-1,2.684466541E-1,-4.687163606E-2
8.514607270E-1,4.426173866E-1,2.039981484E-1,-3.515372798E-2
8.528672680E-1,3.840278387E-1,8.628641814E-2,-1.118527725E-2
8.553468070E-1,2.380866110E-1,-8.522115648E-3,1.012001187E-2
8.567880760E-1,4.101268202E-2,-7.297061384E-2,1.864212751E-2
8.596675730E-1,-1.539307088E-1,-1.235706806E-1,5.326322280E-3
8.613606140E-1,-3.073287904E-1,-1.565938741E-1,-2.876213938E-2
8.631714990E-1,-4.090615511E-1,-1.523328125E-1,-6.018744037E-2
8.650276530E-1,-4.713795185E-1,-9.853696078E-2,-6.657902896E-2
8.675364990E-1,-4.937500656E-1,-2.237055451E-2,-3.781688958E-2
8.691426910E-1,-4.745753109E-1,4.740426689E-2,4.793690052E-3
8.714689600E-1,-3.909520507E-1,1.075917110E-1,2.450108156E-2
8.731388450E-1,-2.673813701E-1,8.522115648E-2,3.089267015E-2
8.755105760E-1,-1.193096191E-1,1.012001187E-2,3.781688958E-2
8.772609990E-1,3.036003746E-2,-7.190535218E-2,3.994741663E-2
8.801456880E-1,1.581917703E-1,-8.202536404E-2,3.781688958E-2
8.814184600E-1,2.956108749E-1,5.326322280E-4,4.474110901E-2
8.837753070E-1,3.456783295E-1,5.486112088E-2,5.432848632E-2
8.854806530E-1,3.893541694E-1,1.304948926E-1,3.462109342E-2
8.879337680E-1,4.340952635E-1,1.342233270E-1,2.077265643E-2
8.895673450E-1,4.431500137E-1,6.178534031E-2,3.941478580E-2
8.919634990E-1,3.973436356E-1,7.456851192E-3,8.202536404E-2
8.936659220E-1,2.972087860E-1,-4.048004746E-2,1.262338310E-1
8.960947300E-1,1.768338978E-1,-8.096009493E-2,1.390170157E-1
8.978378450E-1,6.072007492E-2,-1.054611802E-1,9.480853379E-2
9.006861110E-1,-3.675162420E-2,-9.427590668E-2,6.391586736E-3
9.023094600E-1,-1.347559541E-1,-3.355583176E-2,-8.628641814E-2
9.047626490E-1,-2.434129268E-1,5.805691332E-2,-1.358212233E-1
9.059116140E-1,-3.552657068E-1,1.544633508E-1,-1.241033077E-1
9.088311490E-1,-4.484763443E-1,2.061286718E-1,-7.403588295E-2
9.100306140E-1,-4.964132309E-1,1.379517466E-1,-3.728425596E-3
9.129349190E-1,-4.751079381E-1,-6.391586736E-3,3.355583176E-2
9.141515760E-1,-3.898867965E-1,-1.613875628E-1,3.142530099E-2
9.170381110E-1,-2.551308274E-1,-2.663161159E-1,4.261057824E-3
9.182792300E-1,-9.960222989E-2,-2.519350350E-1,-2.503371425E-2
9.211406110E-1,4.687163606E-2,-1.347559541E-1,-2.237055451E-2
9.229454600E-1,2.157160491E-1,1.821602285E-1,6.924218964E-3
9.251834960E-1,2.583266199E-1,2.684466541E-1,1.384843793E-2
9.263932680E-1,3.201119602E-1,3.536677957E-1,2.183792181E-2
9.292511880E-1,3.467435837E-1,3.163835406E-1,3.728425596E-3
9.304746910E-1,3.206445873E-1,1.837581247E-1,-2.024002373E-2
9.333547260E-1,2.471413612E-1,-9.587380104E-3,-3.462109342E-2
9.348899600E-1,1.597896665E-1,-1.826928556E-1,-3.195793182E-2
9.374065370E-1,5.219795927E-2,-3.078614175E-1,-3.728425596E-3
9.387774600E-1,5.858954508E-3,-2.498045117E-1,2.822950855E-2
9.415606110E-1,-2.982740477E-2,-1.123853996E-1,6.338323653E-2
9.431316530E-1,-6.391586363E-2,6.072007492E-2,9.001484513E-2
9.451000760E-1,-1.001348570E-1,1.805623323E-1,9.960222989E-2
9.468498070E-1,-1.299622655E-1,1.912149638E-1,7.776430249E-2
9.493606140E-1,-1.480717659E-1,1.107875034E-1,2.130528912E-2
9.509659220E-1,-1.555286050E-1,-1.171790902E-2,-5.219795927E-2
9.534154990E-1,-1.571265012E-1,-1.049285457E-1,-1.043959185E-1
9.550622680E-1,-1.576591432E-1,-1.379517466E-1,-1.059938148E-1
9.573988450E-1,-1.464738697E-1,-8.788431436E-2,-6.125270575E-2
9.591943070E-1,-1.107875034E-1,1.544633508E-2,4.261057824E-3
9.620298030E-1,-4.793690145E-2,9.640643001E-2,5.912217870E-2
9.633290370E-1,2.237055451E-2,1.246359423E-1,8.042746782E-2
9.656764990E-1,7.989483327E-2,1.294296384E-1,5.379585549E-2
9.676521530E-1,1.049285457E-1,9.161274135E-2,1.704423130E-2
9.698822300E-1,9.374327213E-2,-1.597896684E-3,6.391586736E-3
9.715569600E-1,7.510114461E-2,-9.693906456E-2,1.065264456E-2
9.738703070E-1,8.309062570E-2,-1.789644361E-1,2.237055451E-2
9.756336140E-1,1.267664731E-1,-2.418150306E-1,3.994741663E-2
9.780582300E-1,1.858886480E-1,-2.215750068E-1,4.474110901E-2
9.797391910E-1,2.306297570E-1,-9.640643001E-2,2.183792181E-2
9.825776110E-1,2.434129268E-1,6.657902896E-2,-8.522115648E-3
9.842208830E-1,1.880191714E-1,2.444781959E-1,-3.888215125E-2
9.866564570E-1,1.012001261E-1,2.540655732E-1,-4.367584363E-2
9.879387680E-1,-1.544633508E-2,1.757686287E-1,-4.367584363E-2
9.907249950E-1,-1.427454352E-1,1.225054078E-2,-3.408846259E-2
9.919516140E-1,-2.460760921E-1,-1.619201899E-1,-3.568635881E-2
9.948277260E-1,-2.934803665E-1,-2.801645398E-1,-5.432848632E-2
9.960874220E-1,-2.737729549E-1,-3.041329980E-1,-7.403588295E-2
9.989300340E-1,-2.045307755E-1,-2.237055302E-1,-7.563377917E-2
1.000501383E0,-1.150485575E-1,-4.420847446E-2,-5.752427876E-2
1.003032611E0,-5.060006306E-2,1.747033745E-1,-2.769687586E-2
1.004760537E0,-1.970739290E-2,3.499393761E-1,-1.012001187E-2
1.007070149E0,-1.757686399E-2,3.925499618E-1,-1.225054078E-2
1.008257576E0,-3.621899337E-2,2.732403278E-1,-3.036003746E-2
1.011137572E0,-5.805691332E-2,5.006742850E-2,-6.125270575E-2
1.012438076E0,-6.231797114E-2,-2.125202566E-1,-7.403588295E-2
1.015239918E0,-3.302319720E-2,-4.154531360E-1,-5.166532472E-2
1.016495383E0,2.343581803E-2,-4.575310946E-1,-9.054748341E-3
1.019343495E0,9.960222989E-2,-3.243730366E-1,4.740426689E-2
1.020645845E0,1.741707325E-1,-8.948221803E-2,9.800432622E-2
1.023446495E0,2.279665917E-1,1.491370201E-1,1.352885813E-1
1.025118806E0,2.466087192E-1,3.286340833E-1,1.193096191E-1
1.026995114E0,2.322276533E-1,3.121224940E-1,9.587380290E-2
1.028776153E0,1.848233789E-1,1.741707325E-1,2.609897964E-2
1.031278691E0,1.123853996E-1,-1.544633508E-2,-6.178534031E-2
1.032947268E0,2.130528912E-2,-1.576591432E-1,-1.352885813E-1
1.035265383E0,-7.137271762E-2,-1.853560209E-1,-1.640507281E-1
1.037063537E0,-1.555286050E-1,-1.065264493E-1,-1.331580579E-1
1.039333460E0,-2.322276533E-1,1.070590764E-1,-5.858954508E-3
1.041080268E0,-2.455434501E-1,1.922802329E-1,7.776430249E-2
1.043931264E0,-2.471413612E-1,1.837581247E-1,1.182443574E-1
1.045249383E0,-2.316950262E-1,1.257012039E-1,8.948221803E-2
1.047564845E0,-2.157160491E-1,-1.065264456E-3,2.290318534E-2
1.049160537E0,-1.816275865E-1,-1.278317273E-1,-4.261057824E-2
1.051888883E0,-1.177117229E-1,-2.231729031E-1,-6.604639441E-2
1.053468499E0,-1.331580617E-2,-2.631203234E-1,-2.982740477E-2
1.055659037E0,1.294296384E-1,-2.114549875E-1,4.474110901E-2
1.057515306E0,2.785666585E-1,-1.075917110E-1,1.257012039E-1
1.059833691E0,4.101268053E-1,2.929477207E-2,1.672465205E-1
1.061480153E0,4.980111420E-1,1.464738697E-1,1.464738697E-1
1.064342033E0,5.193164349E-1,2.119876295E-1,7.243798673E-2
1.065988306E0,4.617921412E-1,2.125202566E-1,-1.810949668E-2
1.068408110E0,3.249056637E-1,1.539307088E-1,-8.042746782E-2
1.069633114E0,1.203748807E-1,7.723167539E-2,-1.038632840E-1
1.072476495E0,-9.853696078E-2,1.970739290E-2,-9.054747969E-2
1.073694999E0,-3.009372056E-1,-4.101268202E-2,-5.858954415E-2
1.076579380E0,-4.319647253E-1,-9.747169912E-2,-3.355583176E-2
1.077803460E0,-4.745753109E-1,-1.251685768E-1,-3.249056637E-2
1.080682533E0,-4.442152679E-1,-1.214401498E-1,-4.367584363E-2
1.082005576E0,-3.813646734E-1,-4.793690145E-2,-4.900216311E-2
1.084785726E0,-3.222424984E-1,7.669904083E-2,-3.568635881E-2
1.086668653E0,-2.684466541E-1,2.370213419E-1,-4.261057824E-3
1.088826533E0,-2.530003190E-1,2.615224123E-1,1.065264456E-3
1.090085191E0,-2.029328793E-1,2.167813182E-1,5.326322280E-4
1.092894418E0,-1.262338310E-1,6.870955974E-2,-6.924218964E-3
1.094142691E0,-1.491370238E-2,-1.155811921E-1,-1.384843793E-2
1.096998456E0,1.161138266E-1,-2.652508616E-1,-5.326322280E-4
1.098231730E0,2.551308274E-1,-3.211772442E-1,4.474110901E-2
1.100895383E0,4.399542212E-1,-1.848233789E-1,1.315601617E-1
1.102381499E0,5.257080197E-1,-5.326322280E-3,1.725728363E-1
1.105206533E0,5.581985712E-1,1.470064968E-1,1.832254827E-1
1.106832306E0,5.267732739E-1,2.391518652E-1,1.528654546E-1
1.108642960E0,4.319647253E-1,2.327602804E-1,8.681905270E-2
1.110467114E0,2.897519469E-1,1.416801661E-1,5.858954508E-3
1.112980537E0,1.278317273E-1,1.171790902E-2,-7.829693705E-2
1.114645191E0,-3.355583176E-2,-8.841694891E-2,-1.379517466E-1
1.116992499E0,-1.917476058E-1,-1.113201380E-1,-1.507349163E-1
1.118679422E0,-3.408846259E-1,-3.621899337E-2,-1.161138266E-1
1.121146614E0,-4.671184719E-1,8.149272949E-2,-4.740426689E-2
1.122810306E0,-5.597964525E-1,1.757686287E-1,2.130528912E-2
1.125679072E0,-6.056028605E-1,1.837581247E-1,7.030745596E-2
1.127206691E0,-5.970807076E-1,7.723167539E-2,7.829693705E-2
1.129381614E0,-5.251753926E-1,-6.072007492E-2,3.568635881E-2
1.130985460E0,-4.005394280E-1,-1.981391907E-1,-2.609897964E-2
1.133392229E0,-2.348908186E-1,-2.641855776E-1,-6.498113275E-2
1.135181306E0,-4.048004746E-2,-2.391518652E-1,-5.539375171E-2
1.137409499E0,1.683117896E-1,-1.518001854E-1,5.326322280E-3
1.139120306E0,3.850930929E-1,-5.326322280E-3,7.829693705E-2
1.141582999E0,5.842975378E-1,1.006674916E-1,1.406149119E-1
1.143228037E0,7.217166424E-1,1.549959779E-1,1.549959779E-1
1.146106572E0,7.739146352E-1,1.549959779E-1,1.118527651E-1
1.147664076E0,6.604639888E-1,8.468852192E-2,-1.438106969E-2
1.150184456E0,5.779059529E-1,5.645901710E-2,-5.912217870E-2
1.151415883E0,3.776362538E-1,1.544633508E-2,-1.283643693E-1
1.154252879E0,1.416801661E-1,-3.728425596E-3,-1.502022892E-1
1.155464076E0,-2.151834220E-1,1.065264456E-2,-9.640643001E-2
1.158355072E0,-4.101268053E-1,1.864212751E-2,-3.302319720E-2
1.159569422E0,-5.331648588E-1,1.704423130E-2,4.793690052E-3
1.162458264E0,-5.795038939E-1,-1.225054078E-2,3.195793368E-3
1.163740845E0,-5.592638254E-1,-5.858954415E-2,-2.556634694E-2
1.166561725E0,-5.012069345E-1,-6.977482140E-2,-6.178534031E-2
1.168689845E0,-4.335626364E-1,-2.929477207E-2,-7.723167539E-2
1.170607610E0,-3.573962152E-1,5.060006306E-2,-6.285060197E-2
1.171816883E0,-2.657834888E-1,1.209075153E-1,-2.183792181E-2
1.174675187E0,-1.496696621E-1,1.320927888E-1,2.290318534E-2
1.175931922E0,-5.858954508E-3,7.669904083E-2,5.273059011E-2
1.178777379E0,1.555286050E-1,-2.396845073E-2,5.965480953E-2
1.179999268E0,3.067961633E-1,-1.480717659E-1,6.018744037E-2
1.182737537E0,4.165183902E-1,-2.034655064E-1,5.965480953E-2
1.184186114E0,4.772384763E-1,-1.741707325E-1,6.125270575E-2
1.186983764E0,4.884237647E-1,-7.563377917E-2,6.870955974E-2
1.188607037E0,4.314320982E-1,9.161274135E-2,7.190535218E-2
1.190507229E0,3.973436356E-1,1.304948926E-1,6.285060197E-2
1.192271306E0,3.169161677E-1,1.576591432E-1,3.781688958E-2
1.194719383E0,2.050634027E-1,1.150485575E-1,6.391586736E-3
1.196434345E0,7.456851006E-2,4.261057824E-2,-3.089267015E-2
1.198829499E0,-7.350324839E-2,-1.757686399E-2,-5.912217870E-2
1.200557768E0,-2.221076339E-1,-4.048004746E-2,-7.989483327E-2
1.202896422E0,-3.531351686E-1,-3.515372798E-2,-8.575379103E-2
1.204545306E0,-4.394215941E-1,-1.331580617E-2,-6.817692518E-2
1.207448341E0,-4.809668958E-1,1.118527725E-2,-1.331580617E-2
1.208776383E0,-4.394215941E-1,1.597896684E-3,1.438106969E-2
1.211086499E0,-3.312972486E-1,-2.130528912E-2,2.183792181E-2
1.212872537E0,-1.858886480E-1,-6.018744037E-2,1.544633508E-2
1.215278691E0,-2.343581803E-2,-6.764429063E-2,3.195793368E-3
1.216921076E0,1.368864775E-1,-6.924218684E-2,1.118527725E-2
1.219380537E0,2.769687474E-1,-6.391586363E-2,4.154531285E-2
1.221047614E0,3.962783813E-1,-3.249056637E-2,7.456851006E-2
1.223457576E0,4.777711034E-1,-4.793690052E-3,9.693906456E-2
1.225163383E0,5.129248500E-1,1.171790902E-2,9.214537591E-2
1.227992610E0,5.060006380E-1,3.728425503E-2,4.580637068E-2
1.229651999E0,4.516721368E-1,6.178534031E-2,-1.651159860E-2
1.232072033E0,3.478088379E-1,9.321063757E-2,-7.297061384E-2
1.233274037E0,2.002697140E-1,1.043959185E-1,-8.948221803E-2
1.236140225E0,1.331580617E-2,1.209075153E-1,-7.084008306E-2
1.237363652E0,-1.928128600E-1,1.086569726E-1,-3.462109342E-2
1.240243994E0,-3.685815036E-1,2.876213938E-2,-1.065264456E-3
1.241464345E0,-4.814995229E-1,-8.096009493E-2,-5.858954508E-3
1.244347917E0,-5.118595958E-1,-1.709749401E-1,-4.846953228E-2
1.245630922E0,-4.676510990E-1,-2.130528986E-1,-9.054747969E-2
1.248451340E0,-3.760383427E-1,-1.656486243E-1,-1.070590764E-1
1.250231345E0,-1.965412945E-1,5.219795927E-2,-6.870955974E-2
1.252488571E0,-1.352885813E-1,1.411475390E-1,-4.687163606E-2
1.253805460E0,-1.810949668E-2,2.844256163E-1,-3.728425596E-3
1.256556379E0,7.403588295E-2,3.078614175E-1,3.621899337E-2
1.257808576E0,1.448759735E-1,2.269013226E-1,4.527373984E-2
1.260658956E0,2.194444835E-1,-5.006742850E-2,2.024002373E-2
1.261870883E0,2.583266199E-1,-2.311623842E-1,1.597896591E-2
1.264610768E0,2.822950780E-1,-3.185140789E-1,3.302319720E-2
1.266041691E0,2.961435318E-1,-2.711097896E-1,6.391586363E-2
1.268863148E0,2.993393242E-1,-1.310275346E-1,9.534116834E-2
1.270428999E0,2.790992856E-1,5.219795927E-2,1.107875034E-1
1.272467729E0,2.221076339E-1,1.997370869E-1,1.012001261E-1
1.274200383E0,1.315601617E-1,2.615224123E-1,7.030745596E-2
1.276678460E0,9.054748341E-3,1.986718178E-1,1.704423130E-2
1.278305883E0,-1.198422536E-1,7.084008306E-2,-5.166532472E-2
1.280759729E0,-2.434129268E-1,-6.178534031E-2,-1.155811921E-1
1.282388268E0,-3.483414650E-1,-1.390170157E-1,-1.486043930E-1
1.284831037E0,-4.181163013E-1,-1.288969964E-1,-1.411475390E-1
1.286635806E0,-4.500742257E-1,-6.018744037E-2,-8.894958347E-2
1.289344340E0,-4.186489284E-1,2.077265643E-2,-1.704423130E-2
1.290680614E0,-3.307646215E-1,6.338323653E-2,4.261057824E-2
1.292907306E0,-2.018676102E-1,7.882957160E-2,6.444849819E-2
1.294615845E0,-6.018744037E-2,3.941478580E-2,5.113269389E-2
1.297016460E0,6.711166352E-2,4.793690052E-3,1.171790902E-2
1.298732960E0,1.763012707E-1,-3.249056637E-2,-2.290318534E-2
1.301191114E0,2.604571581E-1,-8.202536404E-2,-1.864212751E-2
1.302809422E0,3.440804183E-1,-1.022653878E-1,1.012001187E-2
1.305206922E0,4.207794666E-1,-1.118527651E-1,4.740426689E-2
1.306942499E0,4.809668958E-1,-9.693906456E-2,7.723167539E-2
1.309755571E0,5.006743073E-1,-5.486112088E-2,7.989483327E-2
1.311293922E0,4.277036786E-1,7.030745596E-2,2.077265643E-2
1.313820609E0,3.744404614E-1,1.086569726E-1,-5.326322280E-4
1.315072037E0,2.306297570E-1,1.539307088E-1,-4.154531285E-2
1.317889109E0,-6.604639441E-2,1.299622655E-1,-7.084008306E-2
1.319123883E0,-2.748382390E-1,5.965480953E-2,-7.137271762E-2
1.321992071E0,-4.442152679E-1,-6.072007492E-2,-6.338323653E-2
1.323215999E0,-5.432848930E-1,-1.603222936E-1,-7.297061384E-2
1.326094994E0,-5.438175201E-1,-2.226402760E-1,-9.267801046E-2
1.327337537E0,-4.612595141E-1,-2.162486911E-1,-1.054611802E-1
1.330198379E0,-3.227751255E-1,-1.187769845E-1,-9.321063757E-2
1.331978268E0,-1.688444167E-1,4.740426689E-2,-5.166532472E-2
1.334238955E0,-4.261057824E-2,2.178465873E-1,6.391586736E-3
1.335559460E0,4.314320907E-2,3.339604139E-1,4.474110901E-2
1.338306802E0,9.640643001E-2,3.270362020E-1,5.166532472E-2
1.339539229E0,1.272991002E-1,1.874865443E-1,2.822950855E-2
1.342409571E0,1.571265012E-1,-1.810949668E-2,-9.587380104E-3
1.343635075E0,1.880191714E-1,-2.332929224E-1,-2.290318534E-2
1.346387306E0,2.199771106E-1,-3.515372574E-1,-4.793690052E-3
1.347816460E0,2.540655732E-1,-3.275688291E-1,3.888215125E-2
1.350616071E0,2.775014043E-1,-1.864212751E-1,9.640643001E-2
1.352491883E0,2.796319127E-1,9.427590668E-2,1.448759735E-1
1.354187614E0,2.641855776E-1,1.693770438E-1,1.448759735E-1
1.355962037E0,2.034655064E-1,2.460760921E-1,1.086569726E-1
1.358349537E0,1.145159304E-1,2.066612989E-1,4.420847446E-2
1.359995306E0,1.065264456E-3,8.255799860E-2,-3.036003746E-2
1.362503229E0,-1.182443574E-1,-5.006742850E-2,-9.800432622E-2
1.364116883E0,-2.199771106E-1,-1.235706806E-1,-1.390170157E-1
1.366604229E0,-3.089267015E-1,-1.123853996E-1,-1.416801661E-1
1.368694768E0,-3.600593805E-1,-3.249056637E-2,-9.747169912E-2
1.371089802E0,-3.605920076E-1,9.374327213E-2,3.728425596E-3
1.372578614E0,-3.067961633E-1,1.241033077E-1,4.900216311E-2
1.374789152E0,-2.242381722E-1,9.108011425E-2,5.752427876E-2
1.376655152E0,-1.310275346E-1,2.024002373E-2,3.302319720E-2
1.378879575E0,-3.462109342E-2,-3.728425503E-2,-9.587380104E-3
1.380603345E0,6.125270575E-2,-7.030745596E-2,-3.302319720E-2
1.382971152E0,1.571265012E-1,-1.107875034E-1,-9.587380104E-3
1.384808114E0,2.545982003E-1,-9.534116834E-2,3.568635881E-2
1.387262537E0,3.494067490E-1,-6.604639441E-2,8.894958347E-2
1.388772152E0,4.191815555E-1,-3.408846259E-2,1.225054115E-1
1.391625301E0,4.500742257E-1,1.012001187E-2,1.150485575E-1
1.393197922E0,4.287689328E-1,5.699164793E-2,6.498113275E-2
1.395701801E0,3.536677957E-1,9.321063757E-2,-5.858954508E-3
1.396966306E0,2.284992188E-1,1.012001261E-1,-6.018744037E-2
1.399770109E0,6.551376730E-2,9.267801046E-2,-8.468852192E-2
1.401133383E0,-1.177117229E-1,6.977482140E-2,-8.309062570E-2
1.403873724E0,-2.892192900E-1,1.757686399E-2,-6.604639441E-2
1.405089845E0,-4.149205089E-1,-6.018744037E-2,-5.645901710E-2
1.407977378E0,-4.676510990E-1,-1.214401498E-1,-6.764429063E-2
1.409334422E0,-4.426173866E-1,-1.565938741E-1,-8.468852192E-2
1.412080224E0,-3.563309610E-1,-1.368864775E-1,-9.267801046E-2
1.413912345E0,-1.938781291E-1,2.609897964E-2,-6.391586363E-2
1.416124878E0,-1.411475390E-1,9.747169912E-2,-4.580637068E-2
1.417386075E0,-6.231797114E-2,2.306297570E-1,-7.456851192E-3
1.420192917E0,2.663161140E-3,2.828277051E-1,2.024002373E-2
1.421473345E0,4.900216311E-2,2.242381722E-1,2.663161233E-2
1.424295263E0,1.171790883E-1,-1.597896591E-2,9.587380104E-3
1.425546883E0,1.619201899E-1,-1.997370869E-1,1.491370238E-2
1.428264845E0,2.103897333E-1,-3.131877482E-1,3.568635881E-2
1.429782422E0,2.599245310E-1,-2.993393242E-1,6.338323653E-2
1.432501724E0,3.041329980E-1,-1.864212751E-1,9.108011425E-2
1.434152729E0,3.217098713E-1,-1.704423130E-2,1.118527651E-1
1.436047768E0,3.073287904E-1,1.400822699E-1,1.139832959E-1
1.437863883E0,2.530003190E-1,2.348908186E-1,8.948221803E-2
1.440244652E0,1.677791476E-1,2.183792144E-1,4.367584363E-2
1.441898268E0,5.805691332E-2,1.113201380E-1,-1.757686399E-2
1.444295383E0,-6.551376730E-2,-8.522115648E-3,-7.936219871E-2
1.445947498E0,-1.896170676E-1,-9.960222989E-2,-1.198422536E-1
1.448334460E0,-3.025351167E-1,-1.017327532E-1,-1.304948926E-1
1.450110075E0,-3.877562582E-1,-4.740426689E-2,-1.102548689E-1
1.452910378E0,-4.293015897E-1,2.556634694E-2,-6.338323653E-2
1.454210191E0,-4.165183902E-1,7.084008306E-2,-1.225054078E-2
1.456526498E0,-3.600593805E-1,6.444849819E-2,2.237055451E-2
1.458251498E0,-2.615224123E-1,3.888215125E-2,2.503371425E-2
1.460761845E0,-1.427454352E-1,-1.491370238E-2,6.391586736E-3
1.462371191E0,-2.450108156E-2,-5.326322466E-2,-1.065264456E-2
1.464775037E0,1.001348570E-1,-7.403588295E-2,-1.118527725E-2
1.466505998E0,2.205097377E-1,-9.374327213E-2,2.503371425E-2
1.468980383E0,3.398193717E-1,-8.575379103E-2,7.030745596E-2
1.470629883E0,4.490089715E-1,-5.912217870E-2,1.065264493E-1
1.473460840E0,5.283711553E-1,-1.278317347E-2,1.107875034E-1
1.475139345E0,5.193164349E-1,3.941478580E-2,7.243798673E-2
1.477540378E0,4.548679292E-1,8.096009493E-2,1.012001187E-2
1.478711498E0,3.408846259E-1,1.107875034E-1,-4.687163606E-2
1.481609032E0,1.773665249E-1,9.480853379E-2,-7.510114461E-2
1.483117152E0,-1.917476021E-2,8.362326026E-2,-8.522115648E-2
1.485712532E0,-2.258360684E-1,4.687163606E-2,-7.829693705E-2
1.486972345E0,-3.989415467E-1,-2.237055451E-2,-7.084008306E-2
1.489816878E0,-5.038700700E-1,-1.017327532E-1,-7.989483327E-2
1.491085845E0,-5.235774517E-1,-1.597896665E-1,-1.075917110E-1
1.493920916E0,-4.607268870E-1,-1.725728363E-1,-1.171790883E-1
1.495671922E0,-3.621899188E-1,-1.049285457E-1,-9.906959534E-2
1.497961609E0,-2.567287385E-1,3.355583176E-2,-5.539375171E-2
1.499304152E0,-1.661812514E-1,1.869539171E-1,-3.728425596E-3
1.502030839E0,-8.628641814E-2,2.705771625E-1,2.982740477E-2
1.503461883E0,-9.587380104E-3,2.386192381E-1,3.462109342E-2
1.506134993E0,6.817692518E-2,1.107875034E-1,2.183792181E-2
1.507325498E0,1.406149119E-1,-6.604639441E-2,6.924218964E-3
1.510028575E0,2.130528986E-1,-2.279665917E-1,1.065264456E-2
1.511473037E0,2.806971967E-1,-2.934803665E-1,3.621899337E-2
1.514342493E0,3.419498801E-1,-2.471413612E-1,7.243798673E-2
1.515998422E0,4.053331316E-1,-4.420847446E-2,1.182443574E-1
1.517926229E0,4.095941782E-1,3.089267015E-2,1.246359423E-1
1.519643152E0,3.898867965E-1,1.613875628E-1,1.129180342E-1
1.522131845E0,3.121224940E-1,2.125202566E-1,8.149272949E-2
1.523732345E0,1.938781291E-1,1.858886480E-1,2.716424316E-2
1.526145575E0,4.740426689E-2,8.096009493E-2,-3.249056637E-2
1.527829883E0,-1.086569726E-1,-2.769687586E-2,-9.480853379E-2
1.530188729E0,-3.179814517E-1,-1.145159304E-1,-1.448759735E-1
1.531974614E0,-4.213120937E-1,-7.297061384E-2,-1.390170157E-1
1.534812532E0,-4.841626883E-1,-1.012001187E-2,-9.267801046E-2
1.536252575E0,-4.937500656E-1,5.965480953E-2,-3.568635881E-2
1.538357729E0,-4.495415986E-1,7.669904083E-2,1.864212751E-2
1.540040306E0,-3.536677957E-1,4.048004746E-2,4.367584363E-2
1.542477998E0,-2.183792144E-1,-1.065264456E-2,4.048004746E-2
1.544158537E0,-7.723167539E-2,-4.846953228E-2,2.290318534E-2
1.546517191E0,5.805691332E-2,-6.977482140E-2,5.858954508E-3
1.548271960E0,1.890844405E-1,-8.042746782E-2,1.012001187E-2
1.550712114E0,3.025351167E-1,-7.030745596E-2,3.675162420E-2
1.552530768E0,4.143878818E-1,-2.503371425E-2,7.030745596E-2
1.555231378E0,4.980111420E-1,-6.924218964E-3,9.480853379E-2
1.556788421E0,5.379585624E-1,2.130528912E-3,8.841694891E-2
1.559298878E0,5.278385282E-1,2.503371425E-2,5.006742850E-2
1.560513345E0,4.569984376E-1,5.006742850E-2,-5.326322280E-4
1.563368032E0,3.286340833E-1,8.096009493E-2,-4.527373984E-2
1.564622498E0,1.480717659E-1,8.628641814E-2,-6.498113275E-2
1.567472262E0,-5.592638254E-2,9.001484513E-2,-7.456851006E-2
1.568956691E0,-2.716424465E-1,6.657902896E-2,-7.456851006E-2
1.571576339E0,-4.490089715E-1,0.000000000E0,-7.723167539E-2
1.572902075E0,-5.597964525E-1,-7.137271762E-2,-9.534116834E-2
1.575680531E0,-5.816344023E-1,-1.246359423E-1,-1.182443574E-1
1.577447191E0,-4.830974340E-1,-1.251685768E-1,-1.155811921E-1
1.579723185E0,-4.271710515E-1,-8.309062570E-2,-9.960222989E-2
1.580980152E0,-3.057309091E-1,3.515372798E-2,-5.379585549E-2
1.583792916E0,-1.901497096E-1,1.565938741E-1,5.858954508E-3
1.585104845E0,-8.096009493E-2,2.375539690E-1,4.846953228E-2
1.587897224E0,5.486112088E-2,1.842907518E-1,6.444849819E-2
1.589126306E0,1.384843737E-1,5.912217870E-2,5.219795927E-2
1.591880883E0,2.125202566E-1,-9.161274135E-2,4.207794741E-2
1.593255152E0,2.759034932E-1,-2.013349831E-1,4.101268202E-2
1.596105224E0,3.286340833E-1,-2.284992188E-1,5.539375171E-2
1.597880152E0,3.637878001E-1,-1.704423130E-1,7.723167539E-2
1.599774691E0,3.723099232E-1,-5.166532472E-2,9.747169912E-2
1.601677691E0,3.435477912E-1,7.030745596E-2,1.054611802E-1
1.604003614E0,2.780340314E-1,1.486043930E-1,9.108011425E-2
1.605580306E0,1.794970632E-1,1.629854590E-1,5.273059011E-2
1.607983421E0,5.379585549E-2,9.480853379E-2,3.195793368E-3
1.609627575E0,-7.723167539E-2,-4.793690052E-3,-5.645901710E-2
1.611973114E0,-1.965412945E-1,-9.214537591E-2,-1.017327532E-1
1.613747998E0,-3.004045784E-1,-1.070590764E-1,-1.304948926E-1
1.616592531E0,-3.680488765E-1,-5.273059011E-2,-1.267664731E-1
1.617931498E0,-4.000068009E-1,1.384843793E-2,-8.309062570E-2
1.620318575E0,-3.888215125E-1,7.403588295E-2,-2.396845073E-2
1.621942806E0,-3.217098713E-1,8.202536404E-2,3.089267015E-2
1.624509537E0,-2.130528986E-1,3.142530099E-2,5.645901710E-2
1.626054652E0,-7.882957160E-2,-3.941478580E-2,5.752427876E-2
1.628456768E0,5.166532472E-2,-8.309062570E-2,3.568635881E-2
1.630171729E0,1.672465205E-1,-7.510114461E-2,1.864212751E-2
1.632611768E0,2.721750736E-1,-8.202536404E-2,2.929477207E-2
1.634304421E0,4.101268053E-1,-5.219795927E-2,5.805691332E-2
1.637130377E0,4.724447727E-1,-4.261057824E-2,8.042746782E-2
1.638755883E0,4.926848114E-1,-3.036003746E-2,9.108011425E-2
1.641207724E0,4.703142643E-1,-7.989482954E-3,7.084008306E-2
1.642423306E0,3.994741738E-1,2.183792181E-2,2.077265643E-2
1.645276377E0,2.913498282E-1,5.219795927E-2,-3.888215125E-2
1.646513037E0,1.395496428E-1,6.604639441E-2,-7.829693705E-2
1.649380070E0,-4.474110901E-2,7.882957160E-2,-9.640643001E-2
1.650831921E0,-2.391518652E-1,8.735168725E-2,-9.054747969E-2
1.653483454E0,-4.159857631E-1,5.858954415E-2,-7.084008306E-2
1.654783960E0,-5.438175201E-1,2.130528912E-3,-5.805691332E-2
1.657587339E0,-5.965480804E-1,-6.817692518E-2,-6.498113275E-2
1.659425844E0,-5.113269091E-1,-1.475391239E-1,-8.841694891E-2
1.661632262E0,-4.522047639E-1,-1.432780623E-1,-8.894958347E-2
1.662818191E0,-3.211772442E-1,-7.616640627E-2,-7.190535218E-2
1.665701147E0,-1.992044598E-1,5.432848632E-2,-3.355583176E-2
1.666952498E0,-9.001484513E-2,1.922802329E-1,1.491370238E-2
1.669805147E0,7.989482954E-3,2.535329461E-1,5.113269389E-2
1.671080037E0,1.022653878E-1,2.119876295E-1,5.752427876E-2
1.673728614E0,1.874865443E-1,7.936219871E-2,4.101268202E-2
1.675210844E0,2.577939928E-1,-9.427590668E-2,2.769687586E-2
1.678012070E0,3.062635362E-1,-2.332929224E-1,2.609897964E-2
1.679926268E0,3.536677957E-1,-2.508697808E-1,4.900216311E-2
1.681519268E0,3.621899188E-1,-2.082591951E-1,6.018744037E-2
1.683421383E0,3.589941263E-1,-7.723167539E-2,8.681905270E-2
1.685927191E0,3.344930410E-1,7.350324839E-2,1.059938148E-1
1.687388421E0,2.705771625E-1,1.880191714E-1,1.033306494E-1
1.689821960E0,1.086569726E-1,1.938781291E-1,6.072007492E-2
1.691540268E0,-2.982740477E-2,9.906959534E-2,7.989482954E-3
1.693875960E0,-1.736381054E-1,-2.130528912E-2,-5.539375171E-2
1.695623537E0,-2.998719513E-1,-1.012001261E-1,-1.118527651E-1
1.698479339E0,-3.968110085E-1,-1.193096191E-1,-1.299622655E-1
1.699892421E0,-4.580637217E-1,-7.776430249E-2,-1.049285457E-1
1.702413114E0,-4.612595141E-1,-7.456851192E-3,-4.527373984E-2
1.703973383E0,-4.069310129E-1,5.379585549E-2,2.183792181E-2
1.706330537E0,-2.998719513E-1,8.042746782E-2,6.285060197E-2
1.707945152E0,-1.640507281E-1,6.391586363E-2,6.764429063E-2
1.710315614E0,-3.675162420E-2,2.876213938E-2,4.048004746E-2
1.712043960E0,7.456851006E-2,-1.384843793E-2,6.924218964E-3
1.714534268E0,1.677791476E-1,-6.178534031E-2,-2.130528912E-3
1.716287344E0,2.482066154E-1,-1.038632840E-1,1.704423130E-2
1.719031569E0,3.339604139E-1,-1.166464612E-1,4.474110901E-2
1.720776037E0,4.261057973E-1,-8.894958347E-2,7.989483327E-2
1.723112723E0,4.436826408E-1,-6.231797114E-2,8.042746782E-2
1.724316421E0,4.410194755E-1,2.609897964E-2,5.379585549E-2
1.727181146E0,3.850930929E-1,1.230380461E-1,7.989482954E-3
1.728466691E0,2.689792812E-1,1.837581247E-1,-3.089267015E-2
1.731285223E0,1.017327532E-1,1.837581247E-1,-4.900216311E-2
1.732699152E0,-9.587380290E-2,1.374191195E-1,-5.645901710E-2
1.735388608E0,-2.881540358E-1,3.036003746E-2,-5.539375171E-2
1.736782306E0,-4.878911078E-1,-1.672465205E-1,-6.498113275E-2
1.739491800E0,-5.241101384E-1,-2.327602804E-1,-9.214537591E-2
1.741230768E0,-4.697816372E-1,-2.348908186E-1,-1.086569726E-1
1.743531262E0,-3.488741219E-1,-1.443433315E-1,-9.640643001E-2
1.744756614E0,-2.071939409E-1,1.970739290E-2,-5.752427876E-2
1.747599762E0,-7.829693705E-2,1.917476058E-1,-3.195793368E-3
